"Dealer ID","Stock Number",Year,Make,Model,Trim,Vin,mileage,Price,Color,"Interior Color",Transmission,photo_urls,Description,Options,"Vehicle Type",Engine,Drive-train,"Fuel Type","Destination URL",New/Used,Certified,Doors,MSRP,Down-payment,"Fuel city min","Fuel city max","Highway city min","Highway city max",Title,"Date added","Car report",Condition
454545,13591,2013,Chevrolet,"Silverado 1500","LTZ Crew Cab 4WD",3GCPKTE77DG227865,"162,568","23,495",,,"6-Speed Automatic",/uploads/aiimg/images/autos/default_image_autos.aiimg-h70.jpg,description,Options,,"5.3L V8 OHV 16V FFV",4WD,,https://www.usedcarslewistonid.com/autos/2013-Chevrolet-Silverado-1500-Lewiston-4814,Used,Certified,0,0,0,-,-,-,-,"2013 Chevrolet Silverado 1500",,none,used
454545,13526,2015,Chevrolet,"Silverado 3500HD","LTZ Crew Cab Long Box 4WD",1GC4K0E87FF170999,"124,028","50,995",,,"6-Speed Automatic","/uploads/autos/4751/2015-Chevrolet-Silverado-3500HD-Lewiston-4751-1.aiimg-h70.jpg,/uploads/autos/4751/2015-Chevrolet-Silverado-3500HD-Lewiston-4751-2.aiimg-h70.jpg,/uploads/autos/4751/2015-Chevrolet-Silverado-3500HD-Lewiston-4751-3.aiimg-h70.jpg,/uploads/autos/4751/2015-Chevrolet-Silverado-3500HD-Lewiston-4751-4.aiimg-h70.jpg,/uploads/autos/4751/2015-Chevrolet-Silverado-3500HD-Lewiston-4751-5.aiimg-h70.jpg,/uploads/autos/4751/2015-Chevrolet-Silverado-3500HD-Lewiston-4751-6.aiimg-h70.jpg,/uploads/autos/4751/2015-Chevrolet-Silverado-3500HD-Lewiston-4751-7.aiimg-h70.jpg,/uploads/autos/4751/2015-Chevrolet-Silverado-3500HD-Lewiston-4751-8.aiimg-h70.jpg,/uploads/autos/4751/2015-Chevrolet-Silverado-3500HD-Lewiston-4751-9.aiimg-h70.jpg,/uploads/autos/4751/2015-Chevrolet-Silverado-3500HD-Lewiston-4751-10.aiimg-h70.jpg,/uploads/autos/4751/2015-Chevrolet-Silverado-3500HD-Lewiston-4751-11.aiimg-h70.jpg,/uploads/autos/4751/2015-Chevrolet-Silverado-3500HD-Lewiston-4751-12.aiimg-h70.jpg,/uploads/autos/4751/2015-Chevrolet-Silverado-3500HD-Lewiston-4751-13.aiimg-h70.jpg,/uploads/autos/4751/2015-Chevrolet-Silverado-3500HD-Lewiston-4751-14.aiimg-h70.jpg,/uploads/autos/4751/2015-Chevrolet-Silverado-3500HD-Lewiston-4751-15.aiimg-h70.jpg,/uploads/autos/4751/2015-Chevrolet-Silverado-3500HD-Lewiston-4751-16.aiimg-h70.jpg,/uploads/autos/4751/2015-Chevrolet-Silverado-3500HD-Lewiston-4751-17.aiimg-h70.jpg,/uploads/autos/4751/2015-Chevrolet-Silverado-3500HD-Lewiston-4751-18.aiimg-h70.jpg,/uploads/autos/4751/2015-Chevrolet-Silverado-3500HD-Lewiston-4751-19.aiimg-h70.jpg,/uploads/autos/4751/2015-Chevrolet-Silverado-3500HD-Lewiston-4751-20.aiimg-h70.jpg,/uploads/autos/4751/2015-Chevrolet-Silverado-3500HD-Lewiston-4751-21.aiimg-h70.jpg",description,Options,,"6.6L V8 OHV 32V TURBO DIESEL",4WD,,https://www.usedcarslewistonid.com/autos/2015-Chevrolet-Silverado-3500HD-Lewiston-4751,Used,Certified,0,0,0,-,-,-,-,"2015 Chevrolet Silverado 3500HD",,none,used
454545,13456,2014,Ford,F-150,"XLT SuperCrew 6.5-ft. Bed 4WD",1FTFW1ET6EFB19144,"102,431","27,995",,,"6-Speed Automatic","/uploads/autos/4712/2014-Ford-F-150-Lewiston-4712-1.aiimg-h70.jpg,/uploads/autos/4712/2014-Ford-F-150-Lewiston-4712-2.aiimg-h70.jpg,/uploads/autos/4712/2014-Ford-F-150-Lewiston-4712-3.aiimg-h70.jpg,/uploads/autos/4712/2014-Ford-F-150-Lewiston-4712-4.aiimg-h70.jpg,/uploads/autos/4712/2014-Ford-F-150-Lewiston-4712-5.aiimg-h70.jpg,/uploads/autos/4712/2014-Ford-F-150-Lewiston-4712-6.aiimg-h70.jpg,/uploads/autos/4712/2014-Ford-F-150-Lewiston-4712-7.aiimg-h70.jpg,/uploads/autos/4712/2014-Ford-F-150-Lewiston-4712-8.aiimg-h70.jpg,/uploads/autos/4712/2014-Ford-F-150-Lewiston-4712-9.aiimg-h70.jpg,/uploads/autos/4712/2014-Ford-F-150-Lewiston-4712-10.aiimg-h70.jpg,/uploads/autos/4712/2014-Ford-F-150-Lewiston-4712-11.aiimg-h70.jpg,/uploads/autos/4712/2014-Ford-F-150-Lewiston-4712-12.aiimg-h70.jpg,/uploads/autos/4712/2014-Ford-F-150-Lewiston-4712-13.aiimg-h70.jpg,/uploads/autos/4712/2014-Ford-F-150-Lewiston-4712-14.aiimg-h70.jpg,/uploads/autos/4712/2014-Ford-F-150-Lewiston-4712-15.aiimg-h70.jpg,/uploads/autos/4712/2014-Ford-F-150-Lewiston-4712-16.aiimg-h70.jpg,/uploads/autos/4712/2014-Ford-F-150-Lewiston-4712-17.aiimg-h70.jpg,/uploads/autos/4712/2014-Ford-F-150-Lewiston-4712-18.aiimg-h70.jpg,/uploads/autos/4712/2014-Ford-F-150-Lewiston-4712-19.aiimg-h70.jpg",description,Options,,"3.5L V6 TURBO",4WD,,https://www.usedcarslewistonid.com/autos/2014-Ford-F-150-Lewiston-4712,Used,Certified,0,0,0,-,-,-,-,"2014 Ford F-150",,none,used
454545,13321,2018,Chevrolet,"Silverado 1500","LTZ Crew Cab 4WD",3GCUKSEC3JG277328,"94,854","41,995",,,"6-Speed Automatic","/uploads/autos/4622/2018-Chevrolet-Silverado-1500-Lewiston-4622-1.aiimg-h70.jpg,/uploads/autos/4622/2018-Chevrolet-Silverado-1500-Lewiston-4622-2.aiimg-h70.jpg,/uploads/autos/4622/2018-Chevrolet-Silverado-1500-Lewiston-4622-3.aiimg-h70.jpg,/uploads/autos/4622/2018-Chevrolet-Silverado-1500-Lewiston-4622-4.aiimg-h70.jpg,/uploads/autos/4622/2018-Chevrolet-Silverado-1500-Lewiston-4622-5.aiimg-h70.jpg,/uploads/autos/4622/2018-Chevrolet-Silverado-1500-Lewiston-4622-6.aiimg-h70.jpg,/uploads/autos/4622/2018-Chevrolet-Silverado-1500-Lewiston-4622-7.aiimg-h70.jpg,/uploads/autos/4622/2018-Chevrolet-Silverado-1500-Lewiston-4622-8.aiimg-h70.jpg,/uploads/autos/4622/2018-Chevrolet-Silverado-1500-Lewiston-4622-9.aiimg-h70.jpg,/uploads/autos/4622/2018-Chevrolet-Silverado-1500-Lewiston-4622-10.aiimg-h70.jpg,/uploads/autos/4622/2018-Chevrolet-Silverado-1500-Lewiston-4622-11.aiimg-h70.jpg,/uploads/autos/4622/2018-Chevrolet-Silverado-1500-Lewiston-4622-12.aiimg-h70.jpg,/uploads/autos/4622/2018-Chevrolet-Silverado-1500-Lewiston-4622-13.aiimg-h70.jpg,/uploads/autos/4622/2018-Chevrolet-Silverado-1500-Lewiston-4622-14.aiimg-h70.jpg,/uploads/autos/4622/2018-Chevrolet-Silverado-1500-Lewiston-4622-15.aiimg-h70.jpg,/uploads/autos/4622/2018-Chevrolet-Silverado-1500-Lewiston-4622-16.aiimg-h70.jpg,/uploads/autos/4622/2018-Chevrolet-Silverado-1500-Lewiston-4622-17.aiimg-h70.jpg,/uploads/autos/4622/2018-Chevrolet-Silverado-1500-Lewiston-4622-18.aiimg-h70.jpg,/uploads/autos/4622/2018-Chevrolet-Silverado-1500-Lewiston-4622-19.aiimg-h70.jpg,/uploads/autos/4622/2018-Chevrolet-Silverado-1500-Lewiston-4622-20.aiimg-h70.jpg,/uploads/autos/4622/2018-Chevrolet-Silverado-1500-Lewiston-4622-21.aiimg-h70.jpg",description,Options,,"5.3L V8 OHV 16V",4WD,,https://www.usedcarslewistonid.com/autos/2018-Chevrolet-Silverado-1500-Lewiston-4622,Used,Certified,0,0,0,-,-,-,-,"2018 Chevrolet Silverado 1500",,none,used
454545,13286,2016,Ford,F-150,"Lariat SuperCrew Sport 4x4",1FTEW1EG4GFD45281,"122,961","36,495",,,"6-Speed Automatic","/uploads/autos/4607/2016-Ford-F-150-Lewiston-4607-1.aiimg-h70.jpg,/uploads/autos/4607/2016-Ford-F-150-Lewiston-4607-2.aiimg-h70.jpg,/uploads/autos/4607/2016-Ford-F-150-Lewiston-4607-3.aiimg-h70.jpg,/uploads/autos/4607/2016-Ford-F-150-Lewiston-4607-4.aiimg-h70.jpg,/uploads/autos/4607/2016-Ford-F-150-Lewiston-4607-5.aiimg-h70.jpg,/uploads/autos/4607/2016-Ford-F-150-Lewiston-4607-6.aiimg-h70.jpg,/uploads/autos/4607/2016-Ford-F-150-Lewiston-4607-7.aiimg-h70.jpg,/uploads/autos/4607/2016-Ford-F-150-Lewiston-4607-8.aiimg-h70.jpg,/uploads/autos/4607/2016-Ford-F-150-Lewiston-4607-9.aiimg-h70.jpg,/uploads/autos/4607/2016-Ford-F-150-Lewiston-4607-10.aiimg-h70.jpg,/uploads/autos/4607/2016-Ford-F-150-Lewiston-4607-11.aiimg-h70.jpg,/uploads/autos/4607/2016-Ford-F-150-Lewiston-4607-12.aiimg-h70.jpg,/uploads/autos/4607/2016-Ford-F-150-Lewiston-4607-13.aiimg-h70.jpg,/uploads/autos/4607/2016-Ford-F-150-Lewiston-4607-14.aiimg-h70.jpg,/uploads/autos/4607/2016-Ford-F-150-Lewiston-4607-15.aiimg-h70.jpg,/uploads/autos/4607/2016-Ford-F-150-Lewiston-4607-16.aiimg-h70.jpg,/uploads/autos/4607/2016-Ford-F-150-Lewiston-4607-17.aiimg-h70.jpg,/uploads/autos/4607/2016-Ford-F-150-Lewiston-4607-18.aiimg-h70.jpg,/uploads/autos/4607/2016-Ford-F-150-Lewiston-4607-19.aiimg-h70.jpg,/uploads/autos/4607/2016-Ford-F-150-Lewiston-4607-20.aiimg-h70.jpg,/uploads/autos/4607/2016-Ford-F-150-Lewiston-4607-21.aiimg-h70.jpg",description,Options,,"3.5L V6 TURBO",4WD,,https://www.usedcarslewistonid.com/autos/2016-Ford-F-150-Lewiston-4607,Used,Certified,0,0,0,-,-,-,-,"2016 Ford F-150",,none,used
454545,13533,2016,Ford,Explorer,"Sport 4WD",1FM5K8GT6GGA31233,"89,535","30,995",,,"6-Speed Automatic","/uploads/autos/4768/2016-Ford-Explorer-Lewiston-4768-1.aiimg-h70.jpg,/uploads/autos/4768/2016-Ford-Explorer-Lewiston-4768-2.aiimg-h70.jpg,/uploads/autos/4768/2016-Ford-Explorer-Lewiston-4768-3.aiimg-h70.jpg,/uploads/autos/4768/2016-Ford-Explorer-Lewiston-4768-4.aiimg-h70.jpg,/uploads/autos/4768/2016-Ford-Explorer-Lewiston-4768-5.aiimg-h70.jpg,/uploads/autos/4768/2016-Ford-Explorer-Lewiston-4768-6.aiimg-h70.jpg,/uploads/autos/4768/2016-Ford-Explorer-Lewiston-4768-7.aiimg-h70.jpg,/uploads/autos/4768/2016-Ford-Explorer-Lewiston-4768-8.aiimg-h70.jpg,/uploads/autos/4768/2016-Ford-Explorer-Lewiston-4768-9.aiimg-h70.jpg,/uploads/autos/4768/2016-Ford-Explorer-Lewiston-4768-10.aiimg-h70.jpg,/uploads/autos/4768/2016-Ford-Explorer-Lewiston-4768-11.aiimg-h70.jpg,/uploads/autos/4768/2016-Ford-Explorer-Lewiston-4768-12.aiimg-h70.jpg,/uploads/autos/4768/2016-Ford-Explorer-Lewiston-4768-13.aiimg-h70.jpg,/uploads/autos/4768/2016-Ford-Explorer-Lewiston-4768-14.aiimg-h70.jpg,/uploads/autos/4768/2016-Ford-Explorer-Lewiston-4768-15.aiimg-h70.jpg,/uploads/autos/4768/2016-Ford-Explorer-Lewiston-4768-16.aiimg-h70.jpg,/uploads/autos/4768/2016-Ford-Explorer-Lewiston-4768-17.aiimg-h70.jpg,/uploads/autos/4768/2016-Ford-Explorer-Lewiston-4768-18.aiimg-h70.jpg,/uploads/autos/4768/2016-Ford-Explorer-Lewiston-4768-19.aiimg-h70.jpg,/uploads/autos/4768/2016-Ford-Explorer-Lewiston-4768-20.aiimg-h70.jpg,/uploads/autos/4768/2016-Ford-Explorer-Lewiston-4768-21.aiimg-h70.jpg,/uploads/autos/4768/2016-Ford-Explorer-Lewiston-4768-22.aiimg-h70.jpg,/uploads/autos/4768/2016-Ford-Explorer-Lewiston-4768-23.aiimg-h70.jpg,/uploads/autos/4768/2016-Ford-Explorer-Lewiston-4768-24.aiimg-h70.jpg",description,Options,,"3.5L V6 DOHC 24V",4WD,,https://www.usedcarslewistonid.com/autos/2016-Ford-Explorer-Lewiston-4768,Used,Certified,0,0,0,-,-,-,-,"2016 Ford Explorer",,none,used
454545,13568,2016,Ford,F-150,"Lariat SuperCrew 6.5-ft. Bed 4WD",1FTFW1EGXGKE68255,"126,639","35,995",,,"6-Speed Automatic","/uploads/autos/4794/2016_Ford_F_150_Lewiston_4794-1.aiimg-h70.jpg,/uploads/autos/4794/2016_Ford_F_150_Lewiston_4794-2.aiimg-h70.jpg,/uploads/autos/4794/2016_Ford_F_150_Lewiston_4794-3.aiimg-h70.jpg,/uploads/autos/4794/2016_Ford_F_150_Lewiston_4794-4.aiimg-h70.jpg,/uploads/autos/4794/2016_Ford_F_150_Lewiston_4794-5.aiimg-h70.jpg,/uploads/autos/4794/2016_Ford_F_150_Lewiston_4794-6.aiimg-h70.jpg,/uploads/autos/4794/2016_Ford_F_150_Lewiston_4794-7.aiimg-h70.jpg,/uploads/autos/4794/2016_Ford_F_150_Lewiston_4794-8.aiimg-h70.jpg,/uploads/autos/4794/2016_Ford_F_150_Lewiston_4794-9.aiimg-h70.jpg,/uploads/autos/4794/2016_Ford_F_150_Lewiston_4794-10.aiimg-h70.jpg,/uploads/autos/4794/2016_Ford_F_150_Lewiston_4794-11.aiimg-h70.jpg,/uploads/autos/4794/2016_Ford_F_150_Lewiston_4794-12.aiimg-h70.jpg,/uploads/autos/4794/2016_Ford_F_150_Lewiston_4794-13.aiimg-h70.jpg,/uploads/autos/4794/2016_Ford_F_150_Lewiston_4794-14.aiimg-h70.jpg,/uploads/autos/4794/2016_Ford_F_150_Lewiston_4794-15.aiimg-h70.jpg,/uploads/autos/4794/2016_Ford_F_150_Lewiston_4794-16.aiimg-h70.jpg,/uploads/autos/4794/2016_Ford_F_150_Lewiston_4794-17.aiimg-h70.jpg,/uploads/autos/4794/2016_Ford_F_150_Lewiston_4794-18.aiimg-h70.jpg,/uploads/autos/4794/2016_Ford_F_150_Lewiston_4794-19.aiimg-h70.jpg",description,Options,,"3.5 V6",4WD,,https://www.usedcarslewistonid.com/autos/2016-Ford-F-150-Lewiston-4794,Used,Certified,0,0,0,-,-,-,-,"2016 Ford F-150",,none,used
454545,13343,2017,Chevrolet,"Silverado 3500HD","LTZ Crew Cab 4WD",1GC4K0CY3HF130697,"73,877","59,995",,,"6-Speed Automatic","/uploads/autos/4637/2017-Chevrolet-Silverado-3500HD-Lewiston-4637-1.aiimg-h70.jpg,/uploads/autos/4637/2017-Chevrolet-Silverado-3500HD-Lewiston-4637-2.aiimg-h70.jpg,/uploads/autos/4637/2017-Chevrolet-Silverado-3500HD-Lewiston-4637-3.aiimg-h70.jpg,/uploads/autos/4637/2017-Chevrolet-Silverado-3500HD-Lewiston-4637-4.aiimg-h70.jpg,/uploads/autos/4637/2017-Chevrolet-Silverado-3500HD-Lewiston-4637-5.aiimg-h70.jpg,/uploads/autos/4637/2017-Chevrolet-Silverado-3500HD-Lewiston-4637-6.aiimg-h70.jpg,/uploads/autos/4637/2017-Chevrolet-Silverado-3500HD-Lewiston-4637-7.aiimg-h70.jpg,/uploads/autos/4637/2017-Chevrolet-Silverado-3500HD-Lewiston-4637-8.aiimg-h70.jpg,/uploads/autos/4637/2017-Chevrolet-Silverado-3500HD-Lewiston-4637-9.aiimg-h70.jpg,/uploads/autos/4637/2017-Chevrolet-Silverado-3500HD-Lewiston-4637-10.aiimg-h70.jpg,/uploads/autos/4637/2017-Chevrolet-Silverado-3500HD-Lewiston-4637-11.aiimg-h70.jpg,/uploads/autos/4637/2017-Chevrolet-Silverado-3500HD-Lewiston-4637-12.aiimg-h70.jpg,/uploads/autos/4637/2017-Chevrolet-Silverado-3500HD-Lewiston-4637-13.aiimg-h70.jpg,/uploads/autos/4637/2017-Chevrolet-Silverado-3500HD-Lewiston-4637-14.aiimg-h70.jpg,/uploads/autos/4637/2017-Chevrolet-Silverado-3500HD-Lewiston-4637-15.aiimg-h70.jpg,/uploads/autos/4637/2017-Chevrolet-Silverado-3500HD-Lewiston-4637-16.aiimg-h70.jpg,/uploads/autos/4637/2017-Chevrolet-Silverado-3500HD-Lewiston-4637-17.aiimg-h70.jpg,/uploads/autos/4637/2017-Chevrolet-Silverado-3500HD-Lewiston-4637-18.aiimg-h70.jpg,/uploads/autos/4637/2017-Chevrolet-Silverado-3500HD-Lewiston-4637-19.aiimg-h70.jpg,/uploads/autos/4637/2017-Chevrolet-Silverado-3500HD-Lewiston-4637-20.aiimg-h70.jpg",description,Options,,"6.6L V8 OHV 32V TURBO DIESEL",4WD,,https://www.usedcarslewistonid.com/autos/2017-Chevrolet-Silverado-3500HD-Lewiston-4637,Used,Certified,0,0,0,-,-,-,-,"2017 Chevrolet Silverado 3500HD",,none,used
454545,13590,2003,Chevrolet,"Silverado 1500","LS Ext. Cab Short Bed 4WD",2GCEK19T331171983,"162,313","10,995",,,"4-Speed Automatic","/uploads/autos/2367/2003_Chevrolet_Silverado_1500_Lewiston_2367-1.aiimg-h70.jpg,/uploads/autos/2367/2003_Chevrolet_Silverado_1500_Lewiston_2367-2.aiimg-h70.jpg,/uploads/autos/2367/2003_Chevrolet_Silverado_1500_Lewiston_2367-3.aiimg-h70.jpg,/uploads/autos/2367/2003_Chevrolet_Silverado_1500_Lewiston_2367-4.aiimg-h70.jpg,/uploads/autos/2367/2003_Chevrolet_Silverado_1500_Lewiston_2367-5.aiimg-h70.jpg,/uploads/autos/2367/2003_Chevrolet_Silverado_1500_Lewiston_2367-6.aiimg-h70.jpg,/uploads/autos/2367/2003_Chevrolet_Silverado_1500_Lewiston_2367-7.aiimg-h70.jpg,/uploads/autos/2367/2003_Chevrolet_Silverado_1500_Lewiston_2367-8.aiimg-h70.jpg,/uploads/autos/2367/2003_Chevrolet_Silverado_1500_Lewiston_2367-9.aiimg-h70.jpg,/uploads/autos/2367/2003_Chevrolet_Silverado_1500_Lewiston_2367-10.aiimg-h70.jpg,/uploads/autos/2367/2003_Chevrolet_Silverado_1500_Lewiston_2367-11.aiimg-h70.jpg,/uploads/autos/2367/2003_Chevrolet_Silverado_1500_Lewiston_2367-12.aiimg-h70.jpg,/uploads/autos/2367/2003_Chevrolet_Silverado_1500_Lewiston_2367-13.aiimg-h70.jpg,/uploads/autos/2367/2003_Chevrolet_Silverado_1500_Lewiston_2367-14.aiimg-h70.jpg,/uploads/autos/2367/2003_Chevrolet_Silverado_1500_Lewiston_2367-15.aiimg-h70.jpg,/uploads/autos/2367/2003_Chevrolet_Silverado_1500_Lewiston_2367-16.aiimg-h70.jpg,/uploads/autos/2367/2003_Chevrolet_Silverado_1500_Lewiston_2367-17.aiimg-h70.jpg,/uploads/autos/2367/2003_Chevrolet_Silverado_1500_Lewiston_2367-18.aiimg-h70.jpg,/uploads/autos/2367/2003_Chevrolet_Silverado_1500_Lewiston_2367-19.aiimg-h70.jpg",description,Options,,"5.3L V8 OHV 16V",4WD,,https://www.usedcarslewistonid.com/autos/2003-Chevrolet-Silverado-1500-Lewiston-2367,Used,Certified,0,0,0,-,-,-,-,"2003 Chevrolet Silverado 1500 LS Ext. Cab Short Bed 4WD",,none,used
454545,13534,2015,Ford,Expedition,"EL Platinum 4WD",1FMJK1MTXFEF35904,"92,143","34,995",,,"6-Speed Automatic","/uploads/autos/4783/2015-Ford-Expedition-4783-1.aiimg-h70.jpg,/uploads/autos/4783/2015-Ford-Expedition-4783-2.aiimg-h70.jpg,/uploads/autos/4783/2015-Ford-Expedition-4783-3.aiimg-h70.jpg,/uploads/autos/4783/2015-Ford-Expedition-4783-4.aiimg-h70.jpg,/uploads/autos/4783/2015-Ford-Expedition-4783-5.aiimg-h70.jpg,/uploads/autos/4783/2015-Ford-Expedition-4783-6.aiimg-h70.jpg,/uploads/autos/4783/2015-Ford-Expedition-4783-7.aiimg-h70.jpg,/uploads/autos/4783/2015-Ford-Expedition-4783-8.aiimg-h70.jpg,/uploads/autos/4783/2015-Ford-Expedition-4783-9.aiimg-h70.jpg,/uploads/autos/4783/2015-Ford-Expedition-4783-10.aiimg-h70.jpg,/uploads/autos/4783/2015-Ford-Expedition-4783-11.aiimg-h70.jpg,/uploads/autos/4783/2015-Ford-Expedition-4783-12.aiimg-h70.jpg,/uploads/autos/4783/2015-Ford-Expedition-4783-13.aiimg-h70.jpg,/uploads/autos/4783/2015-Ford-Expedition-4783-14.aiimg-h70.jpg,/uploads/autos/4783/2015-Ford-Expedition-4783-15.aiimg-h70.jpg,/uploads/autos/4783/2015-Ford-Expedition-4783-16.aiimg-h70.jpg,/uploads/autos/4783/2015-Ford-Expedition-4783-17.aiimg-h70.jpg,/uploads/autos/4783/2015-Ford-Expedition-4783-18.aiimg-h70.jpg",description,Options,,"3.5L V6 DOHC 24V FFV",4WD,,https://www.usedcarslewistonid.com/autos/2015-Ford-Expedition-Lewiston-4783,Used,Certified,0,0,0,-,-,-,-,"2015 Ford Expedition",,none,used
454545,13547,2017,Ford,F-150,"XLT SuperCab 6.5-ft. Bed 4WD",1FTFX1EG9HFB55852,"111,066","28,995",,,"6-Speed Automatic","/uploads/autos/4777/2017-Ford-F-150-4777-1.aiimg-h70.jpg,/uploads/autos/4777/2017-Ford-F-150-4777-2.aiimg-h70.jpg,/uploads/autos/4777/2017-Ford-F-150-4777-3.aiimg-h70.jpg,/uploads/autos/4777/2017-Ford-F-150-4777-4.aiimg-h70.jpg,/uploads/autos/4777/2017-Ford-F-150-4777-5.aiimg-h70.jpg,/uploads/autos/4777/2017-Ford-F-150-4777-6.aiimg-h70.jpg,/uploads/autos/4777/2017-Ford-F-150-4777-7.aiimg-h70.jpg,/uploads/autos/4777/2017-Ford-F-150-4777-8.aiimg-h70.jpg,/uploads/autos/4777/2017-Ford-F-150-4777-9.aiimg-h70.jpg,/uploads/autos/4777/2017-Ford-F-150-4777-10.aiimg-h70.jpg,/uploads/autos/4777/2017-Ford-F-150-4777-11.aiimg-h70.jpg,/uploads/autos/4777/2017-Ford-F-150-4777-12.aiimg-h70.jpg,/uploads/autos/4777/2017-Ford-F-150-4777-13.aiimg-h70.jpg,/uploads/autos/4777/2017-Ford-F-150-4777-14.aiimg-h70.jpg,/uploads/autos/4777/2017-Ford-F-150-4777-15.aiimg-h70.jpg,/uploads/autos/4777/2017-Ford-F-150-4777-16.aiimg-h70.jpg,/uploads/autos/4777/2017-Ford-F-150-4777-17.aiimg-h70.jpg,/uploads/autos/4777/2017-Ford-F-150-4777-18.aiimg-h70.jpg,/uploads/autos/4777/2017-Ford-F-150-4777-19.aiimg-h70.jpg",description,Options,,"3.5L V6 DOHC 24V",4WD,,https://www.usedcarslewistonid.com/autos/2017-Ford-F-150-Lewiston-4777,Used,Certified,0,0,0,-,-,-,-,"2017 Ford F-150",,none,used
454545,13502,2002,Chevrolet,"Silverado 2500HD","LS Crew Cab Short Bed 4WD",1GCHK23U32F107082,"286,360","6,995",,,,/uploads/aiimg/images/autos/default_image_autos.aiimg-h70.jpg,description,Options,,"6.0L V8 OHV 16V",4WD,,https://www.usedcarslewistonid.com/autos/2002-Chevrolet-Silverado-2500HD-Lewiston-4798,Used,Certified,0,0,0,-,-,-,-,"2002 Chevrolet Silverado 2500HD",,none,used
454545,13444,2019,Ford,F-150,"XLT SuperCrew 6.5-ft. Bed 4WD",1FTFW1E49KKE39666,"89,407","38,995",,,"6-Speed Automatic","/uploads/autos/4708/2019-Ford-F-150-4708-1.aiimg-h70.jpg,/uploads/autos/4708/2019-Ford-F-150-4708-2.aiimg-h70.jpg,/uploads/autos/4708/2019-Ford-F-150-4708-3.aiimg-h70.jpg,/uploads/autos/4708/2019-Ford-F-150-4708-4.aiimg-h70.jpg,/uploads/autos/4708/2019-Ford-F-150-4708-5.aiimg-h70.jpg,/uploads/autos/4708/2019-Ford-F-150-4708-6.aiimg-h70.jpg,/uploads/autos/4708/2019-Ford-F-150-4708-7.aiimg-h70.jpg,/uploads/autos/4708/2019-Ford-F-150-4708-8.aiimg-h70.jpg,/uploads/autos/4708/2019-Ford-F-150-4708-9.aiimg-h70.jpg,/uploads/autos/4708/2019-Ford-F-150-4708-10.aiimg-h70.jpg,/uploads/autos/4708/2019-Ford-F-150-4708-11.aiimg-h70.jpg,/uploads/autos/4708/2019-Ford-F-150-4708-12.aiimg-h70.jpg,/uploads/autos/4708/2019-Ford-F-150-4708-13.aiimg-h70.jpg,/uploads/autos/4708/2019-Ford-F-150-4708-14.aiimg-h70.jpg,/uploads/autos/4708/2019-Ford-F-150-4708-15.aiimg-h70.jpg,/uploads/autos/4708/2019-Ford-F-150-4708-16.aiimg-h70.jpg,/uploads/autos/4708/2019-Ford-F-150-4708-17.aiimg-h70.jpg,/uploads/autos/4708/2019-Ford-F-150-4708-18.aiimg-h70.jpg",description,Options,,"3.5L V6 DOHC 24V",4WD,,https://www.usedcarslewistonid.com/autos/2019-Ford-F-150-Lewiston-4708,Used,Certified,0,0,0,-,-,-,-,"2019 Ford F-150",,none,used
454545,13561,2015,Ford,F-150,"Lariat SuperCrew 6.5-ft. Bed 4WD",1FTFW1EG5FFA82642,"108,614","35,995",,,"6-Speed Automatic","/uploads/autos/4787/2015-Ford-F-150-4787-1.aiimg-h70.jpg,/uploads/autos/4787/2015-Ford-F-150-4787-2.aiimg-h70.jpg,/uploads/autos/4787/2015-Ford-F-150-4787-3.aiimg-h70.jpg,/uploads/autos/4787/2015-Ford-F-150-4787-4.aiimg-h70.jpg,/uploads/autos/4787/2015-Ford-F-150-4787-5.aiimg-h70.jpg,/uploads/autos/4787/2015-Ford-F-150-4787-6.aiimg-h70.jpg,/uploads/autos/4787/2015-Ford-F-150-4787-7.aiimg-h70.jpg,/uploads/autos/4787/2015-Ford-F-150-4787-8.aiimg-h70.jpg,/uploads/autos/4787/2015-Ford-F-150-4787-9.aiimg-h70.jpg,/uploads/autos/4787/2015-Ford-F-150-4787-10.aiimg-h70.jpg,/uploads/autos/4787/2015-Ford-F-150-4787-11.aiimg-h70.jpg,/uploads/autos/4787/2015-Ford-F-150-4787-12.aiimg-h70.jpg,/uploads/autos/4787/2015-Ford-F-150-4787-13.aiimg-h70.jpg,/uploads/autos/4787/2015-Ford-F-150-4787-14.aiimg-h70.jpg,/uploads/autos/4787/2015-Ford-F-150-4787-15.aiimg-h70.jpg,/uploads/autos/4787/2015-Ford-F-150-4787-16.aiimg-h70.jpg,/uploads/autos/4787/2015-Ford-F-150-4787-17.aiimg-h70.jpg,/uploads/autos/4787/2015-Ford-F-150-4787-18.aiimg-h70.jpg,/uploads/autos/4787/2015-Ford-F-150-4787-19.aiimg-h70.jpg,/uploads/autos/4787/2015-Ford-F-150-4787-20.aiimg-h70.jpg,/uploads/autos/4787/2015-Ford-F-150-4787-21.aiimg-h70.jpg",description,Options,,"3.5 V6",4WD,,https://www.usedcarslewistonid.com/autos/2015-Ford-F-150-Lewiston-4787,Used,Certified,0,0,0,-,-,-,-,"2015 Ford F-150",,none,used
454545,13535,2017,Ford,Explorer,"Sport 4WD",1FM5K8GT2HGC21953,"93,168","32,495",,,"6-Speed Automatic","/uploads/autos/4769/2017-Ford-Explorer-Lewiston-4769-1.aiimg-h70.jpg,/uploads/autos/4769/2017-Ford-Explorer-Lewiston-4769-2.aiimg-h70.jpg,/uploads/autos/4769/2017-Ford-Explorer-Lewiston-4769-3.aiimg-h70.jpg,/uploads/autos/4769/2017-Ford-Explorer-Lewiston-4769-4.aiimg-h70.jpg,/uploads/autos/4769/2017-Ford-Explorer-Lewiston-4769-5.aiimg-h70.jpg,/uploads/autos/4769/2017-Ford-Explorer-Lewiston-4769-6.aiimg-h70.jpg,/uploads/autos/4769/2017-Ford-Explorer-Lewiston-4769-7.aiimg-h70.jpg,/uploads/autos/4769/2017-Ford-Explorer-Lewiston-4769-8.aiimg-h70.jpg,/uploads/autos/4769/2017-Ford-Explorer-Lewiston-4769-9.aiimg-h70.jpg,/uploads/autos/4769/2017-Ford-Explorer-Lewiston-4769-10.aiimg-h70.jpg,/uploads/autos/4769/2017-Ford-Explorer-Lewiston-4769-11.aiimg-h70.jpg,/uploads/autos/4769/2017-Ford-Explorer-Lewiston-4769-12.aiimg-h70.jpg,/uploads/autos/4769/2017-Ford-Explorer-Lewiston-4769-13.aiimg-h70.jpg,/uploads/autos/4769/2017-Ford-Explorer-Lewiston-4769-14.aiimg-h70.jpg,/uploads/autos/4769/2017-Ford-Explorer-Lewiston-4769-15.aiimg-h70.jpg,/uploads/autos/4769/2017-Ford-Explorer-Lewiston-4769-16.aiimg-h70.jpg,/uploads/autos/4769/2017-Ford-Explorer-Lewiston-4769-17.aiimg-h70.jpg,/uploads/autos/4769/2017-Ford-Explorer-Lewiston-4769-18.aiimg-h70.jpg,/uploads/autos/4769/2017-Ford-Explorer-Lewiston-4769-19.aiimg-h70.jpg,/uploads/autos/4769/2017-Ford-Explorer-Lewiston-4769-20.aiimg-h70.jpg,/uploads/autos/4769/2017-Ford-Explorer-Lewiston-4769-21.aiimg-h70.jpg",description,Options,,"3.5L V6 DOHC 24V",4WD,,https://www.usedcarslewistonid.com/autos/2017-Ford-Explorer-Lewiston-4769,Used,Certified,0,0,0,-,-,-,-,"2017 Ford Explorer",,none,used
454545,13555,2013,Ford,F-150,"Lariat SuperCrew 5.5-ft. Bed 4WD",1FTFW1ET7DFC59931,"142,791","25,995",,,"6-Speed Automatic","/uploads/autos/4780/2013-Ford-F-150-Lewiston-4780-1.aiimg-h70.jpg,/uploads/autos/4780/2013-Ford-F-150-Lewiston-4780-2.aiimg-h70.jpg,/uploads/autos/4780/2013-Ford-F-150-Lewiston-4780-3.aiimg-h70.jpg,/uploads/autos/4780/2013-Ford-F-150-Lewiston-4780-4.aiimg-h70.jpg,/uploads/autos/4780/2013-Ford-F-150-Lewiston-4780-5.aiimg-h70.jpg,/uploads/autos/4780/2013-Ford-F-150-Lewiston-4780-6.aiimg-h70.jpg,/uploads/autos/4780/2013-Ford-F-150-Lewiston-4780-7.aiimg-h70.jpg,/uploads/autos/4780/2013-Ford-F-150-Lewiston-4780-8.aiimg-h70.jpg,/uploads/autos/4780/2013-Ford-F-150-Lewiston-4780-9.aiimg-h70.jpg,/uploads/autos/4780/2013-Ford-F-150-Lewiston-4780-10.aiimg-h70.jpg,/uploads/autos/4780/2013-Ford-F-150-Lewiston-4780-11.aiimg-h70.jpg,/uploads/autos/4780/2013-Ford-F-150-Lewiston-4780-12.aiimg-h70.jpg,/uploads/autos/4780/2013-Ford-F-150-Lewiston-4780-13.aiimg-h70.jpg,/uploads/autos/4780/2013-Ford-F-150-Lewiston-4780-14.aiimg-h70.jpg,/uploads/autos/4780/2013-Ford-F-150-Lewiston-4780-15.aiimg-h70.jpg,/uploads/autos/4780/2013-Ford-F-150-Lewiston-4780-16.aiimg-h70.jpg,/uploads/autos/4780/2013-Ford-F-150-Lewiston-4780-17.aiimg-h70.jpg,/uploads/autos/4780/2013-Ford-F-150-Lewiston-4780-18.aiimg-h70.jpg,/uploads/autos/4780/2013-Ford-F-150-Lewiston-4780-19.aiimg-h70.jpg,/uploads/autos/4780/2013-Ford-F-150-Lewiston-4780-20.aiimg-h70.jpg",description,Options,,"3.5L V6 TURBO",4WD,,https://www.usedcarslewistonid.com/autos/2013-Ford-F-150-Lewiston-4780,Used,Certified,0,0,0,-,-,-,-,"2013 Ford F-150",,none,used
454545,13575,2013,Ford,F-150,"Platinum SuperCrew 5.5-ft. Bed 4WD",1FTFW1ET6DFB78371,"143,604","26,995",,,"6-Speed Automatic","/uploads/autos/4802/2013-Ford-F-150-4802-1.aiimg-h70.jpg,/uploads/autos/4802/2013-Ford-F-150-4802-2.aiimg-h70.jpg,/uploads/autos/4802/2013-Ford-F-150-4802-3.aiimg-h70.jpg,/uploads/autos/4802/2013-Ford-F-150-4802-4.aiimg-h70.jpg,/uploads/autos/4802/2013-Ford-F-150-4802-5.aiimg-h70.jpg,/uploads/autos/4802/2013-Ford-F-150-4802-6.aiimg-h70.jpg,/uploads/autos/4802/2013-Ford-F-150-4802-7.aiimg-h70.jpg,/uploads/autos/4802/2013-Ford-F-150-4802-8.aiimg-h70.jpg,/uploads/autos/4802/2013-Ford-F-150-4802-9.aiimg-h70.jpg,/uploads/autos/4802/2013-Ford-F-150-4802-10.aiimg-h70.jpg,/uploads/autos/4802/2013-Ford-F-150-4802-11.aiimg-h70.jpg,/uploads/autos/4802/2013-Ford-F-150-4802-12.aiimg-h70.jpg,/uploads/autos/4802/2013-Ford-F-150-4802-13.aiimg-h70.jpg,/uploads/autos/4802/2013-Ford-F-150-4802-14.aiimg-h70.jpg,/uploads/autos/4802/2013-Ford-F-150-4802-15.aiimg-h70.jpg,/uploads/autos/4802/2013-Ford-F-150-4802-16.aiimg-h70.jpg,/uploads/autos/4802/2013-Ford-F-150-4802-17.aiimg-h70.jpg,/uploads/autos/4802/2013-Ford-F-150-4802-18.aiimg-h70.jpg,/uploads/autos/4802/2013-Ford-F-150-4802-19.aiimg-h70.jpg",description,Options,,"3.5L V6 TURBO",4WD,,https://www.usedcarslewistonid.com/autos/2013-Ford-F-150-Lewiston-4802,Used,Certified,0,0,0,-,-,-,-,"2013 Ford F-150",,none,used
454545,13528,2016,Chevrolet,"Silverado 2500HD","LT Crew Cab Long Box 4WD",1GC1KVE85GF170744,"109,395","46,995",,,"6-Speed Automatic","/uploads/autos/4764/2016-Chevrolet-Silverado-2500HD-Lewiston-4764-1.aiimg-h70.jpg,/uploads/autos/4764/2016-Chevrolet-Silverado-2500HD-Lewiston-4764-2.aiimg-h70.jpg,/uploads/autos/4764/2016-Chevrolet-Silverado-2500HD-Lewiston-4764-3.aiimg-h70.jpg,/uploads/autos/4764/2016-Chevrolet-Silverado-2500HD-Lewiston-4764-4.aiimg-h70.jpg,/uploads/autos/4764/2016-Chevrolet-Silverado-2500HD-Lewiston-4764-5.aiimg-h70.jpg,/uploads/autos/4764/2016-Chevrolet-Silverado-2500HD-Lewiston-4764-6.aiimg-h70.jpg,/uploads/autos/4764/2016-Chevrolet-Silverado-2500HD-Lewiston-4764-7.aiimg-h70.jpg,/uploads/autos/4764/2016-Chevrolet-Silverado-2500HD-Lewiston-4764-8.aiimg-h70.jpg,/uploads/autos/4764/2016-Chevrolet-Silverado-2500HD-Lewiston-4764-9.aiimg-h70.jpg,/uploads/autos/4764/2016-Chevrolet-Silverado-2500HD-Lewiston-4764-10.aiimg-h70.jpg,/uploads/autos/4764/2016-Chevrolet-Silverado-2500HD-Lewiston-4764-11.aiimg-h70.jpg,/uploads/autos/4764/2016-Chevrolet-Silverado-2500HD-Lewiston-4764-12.aiimg-h70.jpg,/uploads/autos/4764/2016-Chevrolet-Silverado-2500HD-Lewiston-4764-13.aiimg-h70.jpg,/uploads/autos/4764/2016-Chevrolet-Silverado-2500HD-Lewiston-4764-14.aiimg-h70.jpg,/uploads/autos/4764/2016-Chevrolet-Silverado-2500HD-Lewiston-4764-15.aiimg-h70.jpg,/uploads/autos/4764/2016-Chevrolet-Silverado-2500HD-Lewiston-4764-16.aiimg-h70.jpg,/uploads/autos/4764/2016-Chevrolet-Silverado-2500HD-Lewiston-4764-17.aiimg-h70.jpg,/uploads/autos/4764/2016-Chevrolet-Silverado-2500HD-Lewiston-4764-18.aiimg-h70.jpg,/uploads/autos/4764/2016-Chevrolet-Silverado-2500HD-Lewiston-4764-19.aiimg-h70.jpg",description,Options,,"6.6L V8 OHV 32V TURBO DIESEL",4WD,,https://www.usedcarslewistonid.com/autos/2016-Chevrolet-Silverado-2500HD-Lewiston-4764,Used,Certified,0,0,0,-,-,-,-,"2016 Chevrolet Silverado 2500HD",,none,used
454545,13522,2016,Ford,Escape,"SE 4WD",1FMCU9GX8GUA15286,"84,648","17,995",,,"6-Speed Automatic","/uploads/autos/4767/2016-Ford-Escape-Lewiston-4767-1.aiimg-h70.jpg,/uploads/autos/4767/2016-Ford-Escape-Lewiston-4767-2.aiimg-h70.jpg,/uploads/autos/4767/2016-Ford-Escape-Lewiston-4767-3.aiimg-h70.jpg,/uploads/autos/4767/2016-Ford-Escape-Lewiston-4767-4.aiimg-h70.jpg,/uploads/autos/4767/2016-Ford-Escape-Lewiston-4767-5.aiimg-h70.jpg,/uploads/autos/4767/2016-Ford-Escape-Lewiston-4767-6.aiimg-h70.jpg,/uploads/autos/4767/2016-Ford-Escape-Lewiston-4767-7.aiimg-h70.jpg,/uploads/autos/4767/2016-Ford-Escape-Lewiston-4767-8.aiimg-h70.jpg,/uploads/autos/4767/2016-Ford-Escape-Lewiston-4767-9.aiimg-h70.jpg,/uploads/autos/4767/2016-Ford-Escape-Lewiston-4767-10.aiimg-h70.jpg,/uploads/autos/4767/2016-Ford-Escape-Lewiston-4767-11.aiimg-h70.jpg,/uploads/autos/4767/2016-Ford-Escape-Lewiston-4767-12.aiimg-h70.jpg,/uploads/autos/4767/2016-Ford-Escape-Lewiston-4767-13.aiimg-h70.jpg,/uploads/autos/4767/2016-Ford-Escape-Lewiston-4767-14.aiimg-h70.jpg,/uploads/autos/4767/2016-Ford-Escape-Lewiston-4767-15.aiimg-h70.jpg,/uploads/autos/4767/2016-Ford-Escape-Lewiston-4767-16.aiimg-h70.jpg,/uploads/autos/4767/2016-Ford-Escape-Lewiston-4767-17.aiimg-h70.jpg,/uploads/autos/4767/2016-Ford-Escape-Lewiston-4767-18.aiimg-h70.jpg,/uploads/autos/4767/2016-Ford-Escape-Lewiston-4767-19.aiimg-h70.jpg,/uploads/autos/4767/2016-Ford-Escape-Lewiston-4767-20.aiimg-h70.jpg",description,Options,,"1.6L L4 DOHC 16V",4WD,,https://www.usedcarslewistonid.com/autos/2016-Ford-Escape-Lewiston-4767,Used,Certified,0,0,0,-,-,-,-,"2016 Ford Escape",,none,used
454545,13363,2012,Chevrolet,"Silverado 2500HD","LT Crew Cab 4WD",1GC1KXC84CF150266,"220,973","26,495",,,"6-Speed Automatic","/uploads/autos/4791/2012-Chevrolet-Silverado-2500HD-4791-1.aiimg-h70.jpg,/uploads/autos/4791/2012-Chevrolet-Silverado-2500HD-4791-2.aiimg-h70.jpg,/uploads/autos/4791/2012-Chevrolet-Silverado-2500HD-4791-3.aiimg-h70.jpg,/uploads/autos/4791/2012-Chevrolet-Silverado-2500HD-4791-4.aiimg-h70.jpg,/uploads/autos/4791/2012-Chevrolet-Silverado-2500HD-4791-5.aiimg-h70.jpg,/uploads/autos/4791/2012-Chevrolet-Silverado-2500HD-4791-6.aiimg-h70.jpg,/uploads/autos/4791/2012-Chevrolet-Silverado-2500HD-4791-7.aiimg-h70.jpg,/uploads/autos/4791/2012-Chevrolet-Silverado-2500HD-4791-8.aiimg-h70.jpg,/uploads/autos/4791/2012-Chevrolet-Silverado-2500HD-4791-9.aiimg-h70.jpg,/uploads/autos/4791/2012-Chevrolet-Silverado-2500HD-4791-10.aiimg-h70.jpg,/uploads/autos/4791/2012-Chevrolet-Silverado-2500HD-4791-11.aiimg-h70.jpg,/uploads/autos/4791/2012-Chevrolet-Silverado-2500HD-4791-12.aiimg-h70.jpg,/uploads/autos/4791/2012-Chevrolet-Silverado-2500HD-4791-13.aiimg-h70.jpg,/uploads/autos/4791/2012-Chevrolet-Silverado-2500HD-4791-14.aiimg-h70.jpg,/uploads/autos/4791/2012-Chevrolet-Silverado-2500HD-4791-15.aiimg-h70.jpg,/uploads/autos/4791/2012-Chevrolet-Silverado-2500HD-4791-16.aiimg-h70.jpg,/uploads/autos/4791/2012-Chevrolet-Silverado-2500HD-4791-17.aiimg-h70.jpg,/uploads/autos/4791/2012-Chevrolet-Silverado-2500HD-4791-18.aiimg-h70.jpg,/uploads/autos/4791/2012-Chevrolet-Silverado-2500HD-4791-19.aiimg-h70.jpg",description,Options,,"6.6L V8 OHV 32V TURBO DIESEL",4WD,,https://www.usedcarslewistonid.com/autos/2012-Chevrolet-Silverado-2500HD-Lewiston-4791,Used,Certified,0,0,0,-,-,-,-,"2012 Chevrolet Silverado 2500HD",,none,used
454545,13551,2005,Chrysler,"PT Cruiser","Limited Edition",3C8FY68B45T556090,"247,522","2,495",,,"4-Speed Automatic","/uploads/autos/4784/2005-Chrysler-PT-Cruiser-4784-1.aiimg-h70.jpg,/uploads/autos/4784/2005-Chrysler-PT-Cruiser-4784-2.aiimg-h70.jpg,/uploads/autos/4784/2005-Chrysler-PT-Cruiser-4784-3.aiimg-h70.jpg,/uploads/autos/4784/2005-Chrysler-PT-Cruiser-4784-4.aiimg-h70.jpg,/uploads/autos/4784/2005-Chrysler-PT-Cruiser-4784-5.aiimg-h70.jpg,/uploads/autos/4784/2005-Chrysler-PT-Cruiser-4784-6.aiimg-h70.jpg,/uploads/autos/4784/2005-Chrysler-PT-Cruiser-4784-7.aiimg-h70.jpg,/uploads/autos/4784/2005-Chrysler-PT-Cruiser-4784-8.aiimg-h70.jpg,/uploads/autos/4784/2005-Chrysler-PT-Cruiser-4784-9.aiimg-h70.jpg,/uploads/autos/4784/2005-Chrysler-PT-Cruiser-4784-10.aiimg-h70.jpg,/uploads/autos/4784/2005-Chrysler-PT-Cruiser-4784-11.aiimg-h70.jpg,/uploads/autos/4784/2005-Chrysler-PT-Cruiser-4784-12.aiimg-h70.jpg,/uploads/autos/4784/2005-Chrysler-PT-Cruiser-4784-13.aiimg-h70.jpg,/uploads/autos/4784/2005-Chrysler-PT-Cruiser-4784-14.aiimg-h70.jpg,/uploads/autos/4784/2005-Chrysler-PT-Cruiser-4784-15.aiimg-h70.jpg,/uploads/autos/4784/2005-Chrysler-PT-Cruiser-4784-16.aiimg-h70.jpg,/uploads/autos/4784/2005-Chrysler-PT-Cruiser-4784-17.aiimg-h70.jpg,/uploads/autos/4784/2005-Chrysler-PT-Cruiser-4784-18.aiimg-h70.jpg",description,Options,,"2.4L L4 DOHC 16V",FWD,,https://www.usedcarslewistonid.com/autos/2005-Chrysler-PT-Cruiser-Lewiston-4784,Used,Certified,0,0,0,-,-,-,-,"2005 Chrysler PT Cruiser",,none,used
454545,13344,2019,Ford,"F-350 SD","XLT Crew Cab 4WD",1FT8W3BT1KEC72203,"97,050","56,495",,,"6-Speed Automatic","/uploads/autos/4641/2019-Ford-F-350-SD-Lewiston-4641-1.aiimg-h70.jpg,/uploads/autos/4641/2019-Ford-F-350-SD-Lewiston-4641-2.aiimg-h70.jpg,/uploads/autos/4641/2019-Ford-F-350-SD-Lewiston-4641-3.aiimg-h70.jpg,/uploads/autos/4641/2019-Ford-F-350-SD-Lewiston-4641-4.aiimg-h70.jpg,/uploads/autos/4641/2019-Ford-F-350-SD-Lewiston-4641-5.aiimg-h70.jpg,/uploads/autos/4641/2019-Ford-F-350-SD-Lewiston-4641-6.aiimg-h70.jpg,/uploads/autos/4641/2019-Ford-F-350-SD-Lewiston-4641-7.aiimg-h70.jpg,/uploads/autos/4641/2019-Ford-F-350-SD-Lewiston-4641-8.aiimg-h70.jpg,/uploads/autos/4641/2019-Ford-F-350-SD-Lewiston-4641-9.aiimg-h70.jpg,/uploads/autos/4641/2019-Ford-F-350-SD-Lewiston-4641-10.aiimg-h70.jpg,/uploads/autos/4641/2019-Ford-F-350-SD-Lewiston-4641-11.aiimg-h70.jpg,/uploads/autos/4641/2019-Ford-F-350-SD-Lewiston-4641-12.aiimg-h70.jpg,/uploads/autos/4641/2019-Ford-F-350-SD-Lewiston-4641-13.aiimg-h70.jpg,/uploads/autos/4641/2019-Ford-F-350-SD-Lewiston-4641-14.aiimg-h70.jpg,/uploads/autos/4641/2019-Ford-F-350-SD-Lewiston-4641-15.aiimg-h70.jpg,/uploads/autos/4641/2019-Ford-F-350-SD-Lewiston-4641-16.aiimg-h70.jpg,/uploads/autos/4641/2019-Ford-F-350-SD-Lewiston-4641-17.aiimg-h70.jpg,/uploads/autos/4641/2019-Ford-F-350-SD-Lewiston-4641-18.aiimg-h70.jpg,/uploads/autos/4641/2019-Ford-F-350-SD-Lewiston-4641-19.aiimg-h70.jpg,/uploads/autos/4641/2019-Ford-F-350-SD-Lewiston-4641-20.aiimg-h70.jpg,/uploads/autos/4641/2019-Ford-F-350-SD-Lewiston-4641-21.aiimg-h70.jpg",description,Options,,"6.7L V8 OHV 16V DIESEL",4WD,,https://www.usedcarslewistonid.com/autos/2019-Ford-F-350-SD-Lewiston-4641,Used,Certified,0,0,0,-,-,-,-,"2019 Ford F-350 SD",,none,used
454545,13505,2014,Chevrolet,"Silverado 2500HD","LT Crew Cab 4WD",1GC1KXEG8EF127709,"125,850","30,995",,,"6-Speed Automatic","/uploads/autos/4753/2014-Chevrolet-Silverado-2500HD-Lewiston-4753-1.aiimg-h70.jpg,/uploads/autos/4753/2014-Chevrolet-Silverado-2500HD-Lewiston-4753-2.aiimg-h70.jpg,/uploads/autos/4753/2014-Chevrolet-Silverado-2500HD-Lewiston-4753-3.aiimg-h70.jpg,/uploads/autos/4753/2014-Chevrolet-Silverado-2500HD-Lewiston-4753-4.aiimg-h70.jpg,/uploads/autos/4753/2014-Chevrolet-Silverado-2500HD-Lewiston-4753-5.aiimg-h70.jpg,/uploads/autos/4753/2014-Chevrolet-Silverado-2500HD-Lewiston-4753-6.aiimg-h70.jpg,/uploads/autos/4753/2014-Chevrolet-Silverado-2500HD-Lewiston-4753-7.aiimg-h70.jpg,/uploads/autos/4753/2014-Chevrolet-Silverado-2500HD-Lewiston-4753-8.aiimg-h70.jpg,/uploads/autos/4753/2014-Chevrolet-Silverado-2500HD-Lewiston-4753-9.aiimg-h70.jpg,/uploads/autos/4753/2014-Chevrolet-Silverado-2500HD-Lewiston-4753-10.aiimg-h70.jpg,/uploads/autos/4753/2014-Chevrolet-Silverado-2500HD-Lewiston-4753-11.aiimg-h70.jpg,/uploads/autos/4753/2014-Chevrolet-Silverado-2500HD-Lewiston-4753-12.aiimg-h70.jpg,/uploads/autos/4753/2014-Chevrolet-Silverado-2500HD-Lewiston-4753-13.aiimg-h70.jpg,/uploads/autos/4753/2014-Chevrolet-Silverado-2500HD-Lewiston-4753-14.aiimg-h70.jpg,/uploads/autos/4753/2014-Chevrolet-Silverado-2500HD-Lewiston-4753-15.aiimg-h70.jpg,/uploads/autos/4753/2014-Chevrolet-Silverado-2500HD-Lewiston-4753-16.aiimg-h70.jpg,/uploads/autos/4753/2014-Chevrolet-Silverado-2500HD-Lewiston-4753-17.aiimg-h70.jpg,/uploads/autos/4753/2014-Chevrolet-Silverado-2500HD-Lewiston-4753-18.aiimg-h70.jpg",description,Options,,"6.0L V8 OHV 16V FFV",4WD,,https://www.usedcarslewistonid.com/autos/2014-Chevrolet-Silverado-2500HD-Lewiston-4753,Used,Certified,0,0,0,-,-,-,-,"2014 Chevrolet Silverado 2500HD",,none,used
454545,13462,2018,Chevrolet,"Silverado 3500HD","LTZ Crew Cab Long Box 4WD",1GC4K0EY2JF223875,"103,717","60,995",,,"6-Speed Automatic","/uploads/autos/4717/2018-Chevrolet-Silverado-3500HD-Lewiston-4717-1.aiimg-h70.jpg,/uploads/autos/4717/2018-Chevrolet-Silverado-3500HD-Lewiston-4717-2.aiimg-h70.jpg,/uploads/autos/4717/2018-Chevrolet-Silverado-3500HD-Lewiston-4717-3.aiimg-h70.jpg,/uploads/autos/4717/2018-Chevrolet-Silverado-3500HD-Lewiston-4717-4.aiimg-h70.jpg,/uploads/autos/4717/2018-Chevrolet-Silverado-3500HD-Lewiston-4717-5.aiimg-h70.jpg,/uploads/autos/4717/2018-Chevrolet-Silverado-3500HD-Lewiston-4717-6.aiimg-h70.jpg,/uploads/autos/4717/2018-Chevrolet-Silverado-3500HD-Lewiston-4717-7.aiimg-h70.jpg,/uploads/autos/4717/2018-Chevrolet-Silverado-3500HD-Lewiston-4717-8.aiimg-h70.jpg,/uploads/autos/4717/2018-Chevrolet-Silverado-3500HD-Lewiston-4717-9.aiimg-h70.jpg,/uploads/autos/4717/2018-Chevrolet-Silverado-3500HD-Lewiston-4717-10.aiimg-h70.jpg,/uploads/autos/4717/2018-Chevrolet-Silverado-3500HD-Lewiston-4717-11.aiimg-h70.jpg,/uploads/autos/4717/2018-Chevrolet-Silverado-3500HD-Lewiston-4717-12.aiimg-h70.jpg,/uploads/autos/4717/2018-Chevrolet-Silverado-3500HD-Lewiston-4717-13.aiimg-h70.jpg,/uploads/autos/4717/2018-Chevrolet-Silverado-3500HD-Lewiston-4717-14.aiimg-h70.jpg,/uploads/autos/4717/2018-Chevrolet-Silverado-3500HD-Lewiston-4717-15.aiimg-h70.jpg,/uploads/autos/4717/2018-Chevrolet-Silverado-3500HD-Lewiston-4717-16.aiimg-h70.jpg,/uploads/autos/4717/2018-Chevrolet-Silverado-3500HD-Lewiston-4717-17.aiimg-h70.jpg,/uploads/autos/4717/2018-Chevrolet-Silverado-3500HD-Lewiston-4717-18.aiimg-h70.jpg,/uploads/autos/4717/2018-Chevrolet-Silverado-3500HD-Lewiston-4717-19.aiimg-h70.jpg,/uploads/autos/4717/2018-Chevrolet-Silverado-3500HD-Lewiston-4717-20.aiimg-h70.jpg,/uploads/autos/4717/2018-Chevrolet-Silverado-3500HD-Lewiston-4717-21.aiimg-h70.jpg,/uploads/autos/4717/2018-Chevrolet-Silverado-3500HD-Lewiston-4717-22.aiimg-h70.jpg",description,Options,,"6.6L V8 OHV 32V TURBO DIESEL",4WD,,https://www.usedcarslewistonid.com/autos/2018-Chevrolet-Silverado-3500HD-Lewiston-4717,Used,Certified,0,0,0,-,-,-,-,"2018 Chevrolet Silverado 3500HD",,none,used
454545,13271,2018,Chevrolet,"Silverado 1500","Z-71 Crew Cab 4x4",3GCUKREC5JG298349,"82,275","39,995",,,"6-Speed Automatic","/uploads/autos/4585/2018-Chevrolet-Silverado-1500-4585-22.aiimg-h70.jpg,/uploads/autos/4585/2018-Chevrolet-Silverado-1500-4585-23.aiimg-h70.jpg,/uploads/autos/4585/2018-Chevrolet-Silverado-1500-4585-24.aiimg-h70.jpg,/uploads/autos/4585/2018-Chevrolet-Silverado-1500-4585-25.aiimg-h70.jpg,/uploads/autos/4585/2018-Chevrolet-Silverado-1500-4585-26.aiimg-h70.jpg,/uploads/autos/4585/2018-Chevrolet-Silverado-1500-4585-27.aiimg-h70.jpg,/uploads/autos/4585/2018-Chevrolet-Silverado-1500-4585-28.aiimg-h70.jpg,/uploads/autos/4585/2018-Chevrolet-Silverado-1500-4585-29.aiimg-h70.jpg,/uploads/autos/4585/2018-Chevrolet-Silverado-1500-4585-30.aiimg-h70.jpg,/uploads/autos/4585/2018-Chevrolet-Silverado-1500-4585-31.aiimg-h70.jpg,/uploads/autos/4585/2018-Chevrolet-Silverado-1500-4585-32.aiimg-h70.jpg,/uploads/autos/4585/2018-Chevrolet-Silverado-1500-4585-33.aiimg-h70.jpg,/uploads/autos/4585/2018-Chevrolet-Silverado-1500-4585-34.aiimg-h70.jpg,/uploads/autos/4585/2018-Chevrolet-Silverado-1500-4585-35.aiimg-h70.jpg,/uploads/autos/4585/2018-Chevrolet-Silverado-1500-4585-36.aiimg-h70.jpg,/uploads/autos/4585/2018-Chevrolet-Silverado-1500-4585-37.aiimg-h70.jpg,/uploads/autos/4585/2018-Chevrolet-Silverado-1500-4585-38.aiimg-h70.jpg,/uploads/autos/4585/2018-Chevrolet-Silverado-1500-4585-39.aiimg-h70.jpg,/uploads/autos/4585/2018-Chevrolet-Silverado-1500-4585-40.aiimg-h70.jpg,/uploads/autos/4585/2018-Chevrolet-Silverado-1500-4585-41.aiimg-h70.jpg,/uploads/autos/4585/2018-Chevrolet-Silverado-1500-4585-42.aiimg-h70.jpg",description,Options,,"5.3L V8 OHV 16V",4WD,,https://www.usedcarslewistonid.com/autos/2018-Chevrolet-Silverado-1500-Lewiston-4585,Used,Certified,0,0,0,-,-,-,-,"2018 Chevrolet Silverado 1500",,none,used
454545,13577,2004,Dodge,"Ram 2500","SLT Quad Cab Long Bed 4WD",3D7KU28C74G238426,"238,813","18,995",,,"4-Speed Automatic","/uploads/autos/4800/2004-Dodge-Ram-2500-4800-1.aiimg-h70.jpg,/uploads/autos/4800/2004-Dodge-Ram-2500-4800-2.aiimg-h70.jpg,/uploads/autos/4800/2004-Dodge-Ram-2500-4800-3.aiimg-h70.jpg,/uploads/autos/4800/2004-Dodge-Ram-2500-4800-4.aiimg-h70.jpg,/uploads/autos/4800/2004-Dodge-Ram-2500-4800-5.aiimg-h70.jpg,/uploads/autos/4800/2004-Dodge-Ram-2500-4800-6.aiimg-h70.jpg,/uploads/autos/4800/2004-Dodge-Ram-2500-4800-7.aiimg-h70.jpg,/uploads/autos/4800/2004-Dodge-Ram-2500-4800-8.aiimg-h70.jpg,/uploads/autos/4800/2004-Dodge-Ram-2500-4800-9.aiimg-h70.jpg,/uploads/autos/4800/2004-Dodge-Ram-2500-4800-10.aiimg-h70.jpg,/uploads/autos/4800/2004-Dodge-Ram-2500-4800-11.aiimg-h70.jpg,/uploads/autos/4800/2004-Dodge-Ram-2500-4800-12.aiimg-h70.jpg,/uploads/autos/4800/2004-Dodge-Ram-2500-4800-13.aiimg-h70.jpg,/uploads/autos/4800/2004-Dodge-Ram-2500-4800-14.aiimg-h70.jpg,/uploads/autos/4800/2004-Dodge-Ram-2500-4800-15.aiimg-h70.jpg,/uploads/autos/4800/2004-Dodge-Ram-2500-4800-16.aiimg-h70.jpg,/uploads/autos/4800/2004-Dodge-Ram-2500-4800-17.aiimg-h70.jpg,/uploads/autos/4800/2004-Dodge-Ram-2500-4800-18.aiimg-h70.jpg,/uploads/autos/4800/2004-Dodge-Ram-2500-4800-19.aiimg-h70.jpg",description,Options,,"5.9L L6 OHV 24V TURBO DIESEL",4WD,,https://www.usedcarslewistonid.com/autos/2004-Dodge-Ram-2500-Lewiston-4800,Used,Certified,0,0,0,-,-,-,-,"2004 Dodge Ram 2500",,none,used
454545,13579,2015,RAM,2500,"Limited Crew Cab LWB 4WD",3C6UR5LL7FG658467,"124,481","49,995",,,"6-Speed Automatic","/uploads/autos/4803/2015-RAM-2500-4803-1.aiimg-h70.jpg,/uploads/autos/4803/2015-RAM-2500-4803-2.aiimg-h70.jpg,/uploads/autos/4803/2015-RAM-2500-4803-3.aiimg-h70.jpg,/uploads/autos/4803/2015-RAM-2500-4803-4.aiimg-h70.jpg,/uploads/autos/4803/2015-RAM-2500-4803-5.aiimg-h70.jpg,/uploads/autos/4803/2015-RAM-2500-4803-6.aiimg-h70.jpg,/uploads/autos/4803/2015-RAM-2500-4803-7.aiimg-h70.jpg,/uploads/autos/4803/2015-RAM-2500-4803-8.aiimg-h70.jpg,/uploads/autos/4803/2015-RAM-2500-4803-9.aiimg-h70.jpg,/uploads/autos/4803/2015-RAM-2500-4803-10.aiimg-h70.jpg,/uploads/autos/4803/2015-RAM-2500-4803-11.aiimg-h70.jpg,/uploads/autos/4803/2015-RAM-2500-4803-12.aiimg-h70.jpg,/uploads/autos/4803/2015-RAM-2500-4803-13.aiimg-h70.jpg,/uploads/autos/4803/2015-RAM-2500-4803-14.aiimg-h70.jpg,/uploads/autos/4803/2015-RAM-2500-4803-15.aiimg-h70.jpg,/uploads/autos/4803/2015-RAM-2500-4803-16.aiimg-h70.jpg,/uploads/autos/4803/2015-RAM-2500-4803-17.aiimg-h70.jpg,/uploads/autos/4803/2015-RAM-2500-4803-18.aiimg-h70.jpg,/uploads/autos/4803/2015-RAM-2500-4803-19.aiimg-h70.jpg,/uploads/autos/4803/2015-RAM-2500-4803-20.aiimg-h70.jpg,/uploads/autos/4803/2015-RAM-2500-4803-21.aiimg-h70.jpg,/uploads/autos/4803/2015-RAM-2500-4803-22.aiimg-h70.jpg",description,Options,,"6.7L L6 OHV 24V TURBO DIESEL",4WD,,https://www.usedcarslewistonid.com/autos/2015-RAM-2500-Lewiston-4803,Used,Certified,0,0,0,-,-,-,-,"2015 RAM 2500",,none,used
454545,13267,2018,GMC,"Sierra 1500","SLE Crew Cab Short Box 4WD",3GTU2MEC0JG421414,"90,394","37,495",,,"6-Speed Automatic","/uploads/autos/4594/2018-GMC-Sierra-1500-Lewiston-4594-1.aiimg-h70.jpg,/uploads/autos/4594/2018-GMC-Sierra-1500-Lewiston-4594-2.aiimg-h70.jpg,/uploads/autos/4594/2018-GMC-Sierra-1500-Lewiston-4594-3.aiimg-h70.jpg,/uploads/autos/4594/2018-GMC-Sierra-1500-Lewiston-4594-4.aiimg-h70.jpg,/uploads/autos/4594/2018-GMC-Sierra-1500-Lewiston-4594-5.aiimg-h70.jpg,/uploads/autos/4594/2018-GMC-Sierra-1500-Lewiston-4594-6.aiimg-h70.jpg,/uploads/autos/4594/2018-GMC-Sierra-1500-Lewiston-4594-7.aiimg-h70.jpg,/uploads/autos/4594/2018-GMC-Sierra-1500-Lewiston-4594-8.aiimg-h70.jpg,/uploads/autos/4594/2018-GMC-Sierra-1500-Lewiston-4594-9.aiimg-h70.jpg,/uploads/autos/4594/2018-GMC-Sierra-1500-Lewiston-4594-10.aiimg-h70.jpg,/uploads/autos/4594/2018-GMC-Sierra-1500-Lewiston-4594-11.aiimg-h70.jpg,/uploads/autos/4594/2018-GMC-Sierra-1500-Lewiston-4594-12.aiimg-h70.jpg,/uploads/autos/4594/2018-GMC-Sierra-1500-Lewiston-4594-13.aiimg-h70.jpg,/uploads/autos/4594/2018-GMC-Sierra-1500-Lewiston-4594-14.aiimg-h70.jpg,/uploads/autos/4594/2018-GMC-Sierra-1500-Lewiston-4594-15.aiimg-h70.jpg,/uploads/autos/4594/2018-GMC-Sierra-1500-Lewiston-4594-16.aiimg-h70.jpg,/uploads/autos/4594/2018-GMC-Sierra-1500-Lewiston-4594-17.aiimg-h70.jpg,/uploads/autos/4594/2018-GMC-Sierra-1500-Lewiston-4594-18.aiimg-h70.jpg,/uploads/autos/4594/2018-GMC-Sierra-1500-Lewiston-4594-19.aiimg-h70.jpg",description,Options,,"5.3L V8 OHV 16V",4WD,,https://www.usedcarslewistonid.com/autos/2018-GMC-Sierra-1500-Lewiston-4594,Used,Certified,0,0,0,-,-,-,-,"2018 GMC Sierra 1500",,none,used
454545,13440,2019,Ford,"F-350 SD","Lariat Crew Cab 4WD",1FT8W3BT1KED48891,"110,110","64,995",,,"6-Speed Automatic","/uploads/autos/4706/2019-Ford-F-350-SD-Lewiston-4706-1.aiimg-h70.jpg,/uploads/autos/4706/2019-Ford-F-350-SD-Lewiston-4706-2.aiimg-h70.jpg,/uploads/autos/4706/2019-Ford-F-350-SD-Lewiston-4706-3.aiimg-h70.jpg,/uploads/autos/4706/2019-Ford-F-350-SD-Lewiston-4706-4.aiimg-h70.jpg,/uploads/autos/4706/2019-Ford-F-350-SD-Lewiston-4706-5.aiimg-h70.jpg,/uploads/autos/4706/2019-Ford-F-350-SD-Lewiston-4706-6.aiimg-h70.jpg,/uploads/autos/4706/2019-Ford-F-350-SD-Lewiston-4706-7.aiimg-h70.jpg,/uploads/autos/4706/2019-Ford-F-350-SD-Lewiston-4706-8.aiimg-h70.jpg,/uploads/autos/4706/2019-Ford-F-350-SD-Lewiston-4706-9.aiimg-h70.jpg,/uploads/autos/4706/2019-Ford-F-350-SD-Lewiston-4706-10.aiimg-h70.jpg,/uploads/autos/4706/2019-Ford-F-350-SD-Lewiston-4706-11.aiimg-h70.jpg,/uploads/autos/4706/2019-Ford-F-350-SD-Lewiston-4706-12.aiimg-h70.jpg,/uploads/autos/4706/2019-Ford-F-350-SD-Lewiston-4706-13.aiimg-h70.jpg,/uploads/autos/4706/2019-Ford-F-350-SD-Lewiston-4706-14.aiimg-h70.jpg,/uploads/autos/4706/2019-Ford-F-350-SD-Lewiston-4706-15.aiimg-h70.jpg,/uploads/autos/4706/2019-Ford-F-350-SD-Lewiston-4706-16.aiimg-h70.jpg,/uploads/autos/4706/2019-Ford-F-350-SD-Lewiston-4706-17.aiimg-h70.jpg,/uploads/autos/4706/2019-Ford-F-350-SD-Lewiston-4706-18.aiimg-h70.jpg,/uploads/autos/4706/2019-Ford-F-350-SD-Lewiston-4706-19.aiimg-h70.jpg,/uploads/autos/4706/2019-Ford-F-350-SD-Lewiston-4706-20.aiimg-h70.jpg,/uploads/autos/4706/2019-Ford-F-350-SD-Lewiston-4706-21.aiimg-h70.jpg,/uploads/autos/4706/2019-Ford-F-350-SD-Lewiston-4706-22.aiimg-h70.jpg,/uploads/autos/4706/2019-Ford-F-350-SD-Lewiston-4706-23.aiimg-h70.jpg",description,Options,,"6.7L V8 OHV 16V DIESEL",4WD,,https://www.usedcarslewistonid.com/autos/2019-Ford-F-350-SD-Lewiston-4706,Used,Certified,0,0,0,-,-,-,-,"2019 Ford F-350 SD",,none,used
454545,13570,2016,Ford,"F-250 SD","Lariat Crew Cab Long Bed 4WD",1FT7W2BT8GEB76999,"117,276","50,995",,,"6-Speed Automatic","/uploads/autos/4694/2016-Ford-F-250-SD-4694-22.aiimg-h70.jpg,/uploads/autos/4694/2016-Ford-F-250-SD-4694-23.aiimg-h70.jpg,/uploads/autos/4694/2016-Ford-F-250-SD-4694-24.aiimg-h70.jpg,/uploads/autos/4694/2016-Ford-F-250-SD-4694-25.aiimg-h70.jpg,/uploads/autos/4694/2016-Ford-F-250-SD-4694-26.aiimg-h70.jpg,/uploads/autos/4694/2016-Ford-F-250-SD-4694-27.aiimg-h70.jpg,/uploads/autos/4694/2016-Ford-F-250-SD-4694-28.aiimg-h70.jpg,/uploads/autos/4694/2016-Ford-F-250-SD-4694-29.aiimg-h70.jpg,/uploads/autos/4694/2016-Ford-F-250-SD-4694-30.aiimg-h70.jpg,/uploads/autos/4694/2016-Ford-F-250-SD-4694-31.aiimg-h70.jpg,/uploads/autos/4694/2016-Ford-F-250-SD-4694-32.aiimg-h70.jpg,/uploads/autos/4694/2016-Ford-F-250-SD-4694-33.aiimg-h70.jpg,/uploads/autos/4694/2016-Ford-F-250-SD-4694-34.aiimg-h70.jpg,/uploads/autos/4694/2016-Ford-F-250-SD-4694-35.aiimg-h70.jpg,/uploads/autos/4694/2016-Ford-F-250-SD-4694-36.aiimg-h70.jpg,/uploads/autos/4694/2016-Ford-F-250-SD-4694-37.aiimg-h70.jpg,/uploads/autos/4694/2016-Ford-F-250-SD-4694-38.aiimg-h70.jpg,/uploads/autos/4694/2016-Ford-F-250-SD-4694-39.aiimg-h70.jpg,/uploads/autos/4694/2016-Ford-F-250-SD-4694-40.aiimg-h70.jpg,/uploads/autos/4694/2016-Ford-F-250-SD-4694-41.aiimg-h70.jpg",description,Options,,"6.7L V8 OHV 16V DIESEL",4WD,,https://www.usedcarslewistonid.com/autos/2016-Ford-F-250-SD-Lewiston-4694,Used,Certified,0,0,0,-,-,-,-,"2016 Ford F-250 SD",,none,used
454545,13512,2018,Ford,"F-350 SD","Lariat Crew Cab Long Bed 4WD",1FT8W3BT3JEC02622,"115,093","62,995",,,"6-Speed Automatic","/uploads/autos/4758/2018-Ford-F-350-SD-4758-1.aiimg-h70.jpg,/uploads/autos/4758/2018-Ford-F-350-SD-4758-2.aiimg-h70.jpg,/uploads/autos/4758/2018-Ford-F-350-SD-4758-3.aiimg-h70.jpg,/uploads/autos/4758/2018-Ford-F-350-SD-4758-4.aiimg-h70.jpg,/uploads/autos/4758/2018-Ford-F-350-SD-4758-5.aiimg-h70.jpg,/uploads/autos/4758/2018-Ford-F-350-SD-4758-6.aiimg-h70.jpg,/uploads/autos/4758/2018-Ford-F-350-SD-4758-7.aiimg-h70.jpg,/uploads/autos/4758/2018-Ford-F-350-SD-4758-8.aiimg-h70.jpg,/uploads/autos/4758/2018-Ford-F-350-SD-4758-9.aiimg-h70.jpg,/uploads/autos/4758/2018-Ford-F-350-SD-4758-10.aiimg-h70.jpg,/uploads/autos/4758/2018-Ford-F-350-SD-4758-11.aiimg-h70.jpg,/uploads/autos/4758/2018-Ford-F-350-SD-4758-12.aiimg-h70.jpg,/uploads/autos/4758/2018-Ford-F-350-SD-4758-13.aiimg-h70.jpg,/uploads/autos/4758/2018-Ford-F-350-SD-4758-14.aiimg-h70.jpg,/uploads/autos/4758/2018-Ford-F-350-SD-4758-15.aiimg-h70.jpg,/uploads/autos/4758/2018-Ford-F-350-SD-4758-16.aiimg-h70.jpg,/uploads/autos/4758/2018-Ford-F-350-SD-4758-17.aiimg-h70.jpg,/uploads/autos/4758/2018-Ford-F-350-SD-4758-18.aiimg-h70.jpg",description,Options,,"6.7L V8 OHV 16V DIESEL",4WD,,https://www.usedcarslewistonid.com/autos/2018-Ford-F-350-SD-Lewiston-4758,Used,Certified,0,0,0,-,-,-,-,"2018 Ford F-350 SD",,none,used
454545,13539,2016,Jeep,"Grand Cherokee","Limited 4WD",1C4RJFBG0GC323748,"109,549","26,995",,,"8-Speed Automatic","/uploads/autos/4766/2016-Jeep-Grand-Cherokee-Lewiston-4766-1.aiimg-h70.jpg,/uploads/autos/4766/2016-Jeep-Grand-Cherokee-Lewiston-4766-2.aiimg-h70.jpg,/uploads/autos/4766/2016-Jeep-Grand-Cherokee-Lewiston-4766-3.aiimg-h70.jpg,/uploads/autos/4766/2016-Jeep-Grand-Cherokee-Lewiston-4766-4.aiimg-h70.jpg,/uploads/autos/4766/2016-Jeep-Grand-Cherokee-Lewiston-4766-5.aiimg-h70.jpg,/uploads/autos/4766/2016-Jeep-Grand-Cherokee-Lewiston-4766-6.aiimg-h70.jpg,/uploads/autos/4766/2016-Jeep-Grand-Cherokee-Lewiston-4766-7.aiimg-h70.jpg,/uploads/autos/4766/2016-Jeep-Grand-Cherokee-Lewiston-4766-8.aiimg-h70.jpg,/uploads/autos/4766/2016-Jeep-Grand-Cherokee-Lewiston-4766-9.aiimg-h70.jpg,/uploads/autos/4766/2016-Jeep-Grand-Cherokee-Lewiston-4766-10.aiimg-h70.jpg,/uploads/autos/4766/2016-Jeep-Grand-Cherokee-Lewiston-4766-11.aiimg-h70.jpg,/uploads/autos/4766/2016-Jeep-Grand-Cherokee-Lewiston-4766-12.aiimg-h70.jpg,/uploads/autos/4766/2016-Jeep-Grand-Cherokee-Lewiston-4766-13.aiimg-h70.jpg,/uploads/autos/4766/2016-Jeep-Grand-Cherokee-Lewiston-4766-14.aiimg-h70.jpg,/uploads/autos/4766/2016-Jeep-Grand-Cherokee-Lewiston-4766-15.aiimg-h70.jpg,/uploads/autos/4766/2016-Jeep-Grand-Cherokee-Lewiston-4766-16.aiimg-h70.jpg,/uploads/autos/4766/2016-Jeep-Grand-Cherokee-Lewiston-4766-17.aiimg-h70.jpg,/uploads/autos/4766/2016-Jeep-Grand-Cherokee-Lewiston-4766-18.aiimg-h70.jpg,/uploads/autos/4766/2016-Jeep-Grand-Cherokee-Lewiston-4766-19.aiimg-h70.jpg,/uploads/autos/4766/2016-Jeep-Grand-Cherokee-Lewiston-4766-20.aiimg-h70.jpg,/uploads/autos/4766/2016-Jeep-Grand-Cherokee-Lewiston-4766-21.aiimg-h70.jpg,/uploads/autos/4766/2016-Jeep-Grand-Cherokee-Lewiston-4766-22.aiimg-h70.jpg,/uploads/autos/4766/2016-Jeep-Grand-Cherokee-Lewiston-4766-23.aiimg-h70.jpg,/uploads/autos/4766/2016-Jeep-Grand-Cherokee-Lewiston-4766-24.aiimg-h70.jpg",description,Options,,"3.6L V6 DOHC 24V",4WD,,https://www.usedcarslewistonid.com/autos/2016-Jeep-Grand-Cherokee-Lewiston-4766,Used,Certified,0,0,0,-,-,-,-,"2016 Jeep Grand Cherokee",,none,used
454545,13478,2018,GMC,"Sierra 2500HD","SLE Crew Cab 4WD",1GT12SEY3JF267771,"123,534","48,995",,,"6-Speed Automatic","/uploads/autos/4730/2018-GMC-Sierra-2500HD-Lewiston-4730-17.aiimg-h70.jpg,/uploads/autos/4730/2018-GMC-Sierra-2500HD-Lewiston-4730-18.aiimg-h70.jpg,/uploads/autos/4730/2018-GMC-Sierra-2500HD-Lewiston-4730-3.aiimg-h70.jpg,/uploads/autos/4730/2018-GMC-Sierra-2500HD-Lewiston-4730-4.aiimg-h70.jpg,/uploads/autos/4730/2018-GMC-Sierra-2500HD-Lewiston-4730-21.aiimg-h70.jpg,/uploads/autos/4730/2018-GMC-Sierra-2500HD-Lewiston-4730-22.aiimg-h70.jpg,/uploads/autos/4730/2018-GMC-Sierra-2500HD-Lewiston-4730-23.aiimg-h70.jpg,/uploads/autos/4730/2018-GMC-Sierra-2500HD-Lewiston-4730-8.aiimg-h70.jpg,/uploads/autos/4730/2018-GMC-Sierra-2500HD-Lewiston-4730-9.aiimg-h70.jpg,/uploads/autos/4730/2018-GMC-Sierra-2500HD-Lewiston-4730-10.aiimg-h70.jpg,/uploads/autos/4730/2018-GMC-Sierra-2500HD-Lewiston-4730-11.aiimg-h70.jpg,/uploads/autos/4730/2018-GMC-Sierra-2500HD-Lewiston-4730-12.aiimg-h70.jpg,/uploads/autos/4730/2018-GMC-Sierra-2500HD-Lewiston-4730-29.aiimg-h70.jpg,/uploads/autos/4730/2018-GMC-Sierra-2500HD-Lewiston-4730-14.aiimg-h70.jpg,/uploads/autos/4730/2018-GMC-Sierra-2500HD-Lewiston-4730-15.aiimg-h70.jpg,/uploads/autos/4730/2018-GMC-Sierra-2500HD-Lewiston-4730-32.aiimg-h70.jpg,/uploads/autos/4730/2018-GMC-Sierra-2500HD-Lewiston-4730-33.aiimg-h70.jpg,/uploads/autos/4730/2018-GMC-Sierra-2500HD-Lewiston-4730-34.aiimg-h70.jpg",description,Options,,"6.6L V8 OHV 16 DIESEL",4WD,,https://www.usedcarslewistonid.com/autos/2018-GMC-Sierra-2500HD-Lewiston-4730,Used,Certified,0,0,0,-,-,-,-,"2018 GMC Sierra 2500HD",,none,used
454545,13475,2015,Ford,Taurus,"Limited FWD",1FAHP2F89FG104578,"112,444","15,995",,,"6-Speed Automatic","/uploads/autos/4729/2015-Ford-Taurus-4729-1.aiimg-h70.jpg,/uploads/autos/4729/2015-Ford-Taurus-4729-2.aiimg-h70.jpg,/uploads/autos/4729/2015-Ford-Taurus-4729-3.aiimg-h70.jpg,/uploads/autos/4729/2015-Ford-Taurus-4729-4.aiimg-h70.jpg,/uploads/autos/4729/2015-Ford-Taurus-4729-5.aiimg-h70.jpg,/uploads/autos/4729/2015-Ford-Taurus-4729-6.aiimg-h70.jpg,/uploads/autos/4729/2015-Ford-Taurus-4729-7.aiimg-h70.jpg,/uploads/autos/4729/2015-Ford-Taurus-4729-8.aiimg-h70.jpg,/uploads/autos/4729/2015-Ford-Taurus-4729-9.aiimg-h70.jpg,/uploads/autos/4729/2015-Ford-Taurus-4729-10.aiimg-h70.jpg,/uploads/autos/4729/2015-Ford-Taurus-4729-11.aiimg-h70.jpg,/uploads/autos/4729/2015-Ford-Taurus-4729-12.aiimg-h70.jpg,/uploads/autos/4729/2015-Ford-Taurus-4729-13.aiimg-h70.jpg,/uploads/autos/4729/2015-Ford-Taurus-4729-14.aiimg-h70.jpg,/uploads/autos/4729/2015-Ford-Taurus-4729-15.aiimg-h70.jpg,/uploads/autos/4729/2015-Ford-Taurus-4729-16.aiimg-h70.jpg,/uploads/autos/4729/2015-Ford-Taurus-4729-17.aiimg-h70.jpg,/uploads/autos/4729/2015-Ford-Taurus-4729-18.aiimg-h70.jpg,/uploads/autos/4729/2015-Ford-Taurus-4729-19.aiimg-h70.jpg,/uploads/autos/4729/2015-Ford-Taurus-4729-20.aiimg-h70.jpg",description,Options,,"3.5L V6 DOHC 24V",FWD,,https://www.usedcarslewistonid.com/autos/2015-Ford-Taurus-Lewiston-4729,Used,Certified,0,0,0,-,-,-,-,"2015 Ford Taurus",,none,used
454545,13491,2018,RAM,2500,"Tradesman Crew Cab SWB 4WD",3C6TR5CT8JG114919,"83,811","36,995",,,"6-Speed Automatic","/uploads/autos/4742/2018-RAM-2500-Lewiston-4742-1.aiimg-h70.jpg,/uploads/autos/4742/2018-RAM-2500-Lewiston-4742-2.aiimg-h70.jpg,/uploads/autos/4742/2018-RAM-2500-Lewiston-4742-3.aiimg-h70.jpg,/uploads/autos/4742/2018-RAM-2500-Lewiston-4742-4.aiimg-h70.jpg,/uploads/autos/4742/2018-RAM-2500-Lewiston-4742-5.aiimg-h70.jpg,/uploads/autos/4742/2018-RAM-2500-Lewiston-4742-6.aiimg-h70.jpg,/uploads/autos/4742/2018-RAM-2500-Lewiston-4742-7.aiimg-h70.jpg,/uploads/autos/4742/2018-RAM-2500-Lewiston-4742-8.aiimg-h70.jpg,/uploads/autos/4742/2018-RAM-2500-Lewiston-4742-9.aiimg-h70.jpg,/uploads/autos/4742/2018-RAM-2500-Lewiston-4742-10.aiimg-h70.jpg,/uploads/autos/4742/2018-RAM-2500-Lewiston-4742-11.aiimg-h70.jpg,/uploads/autos/4742/2018-RAM-2500-Lewiston-4742-12.aiimg-h70.jpg,/uploads/autos/4742/2018-RAM-2500-Lewiston-4742-13.aiimg-h70.jpg,/uploads/autos/4742/2018-RAM-2500-Lewiston-4742-14.aiimg-h70.jpg,/uploads/autos/4742/2018-RAM-2500-Lewiston-4742-15.aiimg-h70.jpg,/uploads/autos/4742/2018-RAM-2500-Lewiston-4742-16.aiimg-h70.jpg,/uploads/autos/4742/2018-RAM-2500-Lewiston-4742-17.aiimg-h70.jpg",description,Options,,"5.7L V8 OHV 16V",4WD,,https://www.usedcarslewistonid.com/autos/2018-RAM-2500-Lewiston-4742,Used,Certified,0,0,0,-,-,-,-,"2018 RAM 2500",,none,used
454545,13576,2017,RAM,1500,"SLT Crew Cab LWB 4WD",1C6RR7TT2HS603731,"96,625","33,995",,,"8-Speed Automatic","/uploads/autos/4799/2017-RAM-1500-4799-1.aiimg-h70.jpg,/uploads/autos/4799/2017-RAM-1500-4799-2.aiimg-h70.jpg,/uploads/autos/4799/2017-RAM-1500-4799-3.aiimg-h70.jpg,/uploads/autos/4799/2017-RAM-1500-4799-4.aiimg-h70.jpg,/uploads/autos/4799/2017-RAM-1500-4799-5.aiimg-h70.jpg,/uploads/autos/4799/2017-RAM-1500-4799-6.aiimg-h70.jpg,/uploads/autos/4799/2017-RAM-1500-4799-7.aiimg-h70.jpg,/uploads/autos/4799/2017-RAM-1500-4799-8.aiimg-h70.jpg,/uploads/autos/4799/2017-RAM-1500-4799-9.aiimg-h70.jpg,/uploads/autos/4799/2017-RAM-1500-4799-10.aiimg-h70.jpg,/uploads/autos/4799/2017-RAM-1500-4799-11.aiimg-h70.jpg,/uploads/autos/4799/2017-RAM-1500-4799-12.aiimg-h70.jpg,/uploads/autos/4799/2017-RAM-1500-4799-13.aiimg-h70.jpg,/uploads/autos/4799/2017-RAM-1500-4799-14.aiimg-h70.jpg,/uploads/autos/4799/2017-RAM-1500-4799-15.aiimg-h70.jpg,/uploads/autos/4799/2017-RAM-1500-4799-16.aiimg-h70.jpg,/uploads/autos/4799/2017-RAM-1500-4799-17.aiimg-h70.jpg,/uploads/autos/4799/2017-RAM-1500-4799-18.aiimg-h70.jpg,/uploads/autos/4799/2017-RAM-1500-4799-19.aiimg-h70.jpg,/uploads/autos/4799/2017-RAM-1500-4799-20.aiimg-h70.jpg",description,Options,,"5.7L V8 OHV 16V",4WD,,https://www.usedcarslewistonid.com/autos/2017-RAM-1500-Lewiston-4799,Used,Certified,0,0,0,-,-,-,-,"2017 RAM 1500",,none,used
454545,13587,2017,RAM,1500,"SLT Crew Cab LWB 4WD",1C6RR7TTXHS757992,"56,420","36,995",,,"8-Speed Automatic","/uploads/autos/4807/2017_RAM_1500_Lewiston_4807-1.aiimg-h70.jpg,/uploads/autos/4807/2017_RAM_1500_Lewiston_4807-2.aiimg-h70.jpg,/uploads/autos/4807/2017_RAM_1500_Lewiston_4807-3.aiimg-h70.jpg,/uploads/autos/4807/2017_RAM_1500_Lewiston_4807-4.aiimg-h70.jpg,/uploads/autos/4807/2017_RAM_1500_Lewiston_4807-5.aiimg-h70.jpg,/uploads/autos/4807/2017_RAM_1500_Lewiston_4807-6.aiimg-h70.jpg,/uploads/autos/4807/2017_RAM_1500_Lewiston_4807-7.aiimg-h70.jpg,/uploads/autos/4807/2017_RAM_1500_Lewiston_4807-8.aiimg-h70.jpg,/uploads/autos/4807/2017_RAM_1500_Lewiston_4807-9.aiimg-h70.jpg,/uploads/autos/4807/2017_RAM_1500_Lewiston_4807-10.aiimg-h70.jpg,/uploads/autos/4807/2017_RAM_1500_Lewiston_4807-11.aiimg-h70.jpg,/uploads/autos/4807/2017_RAM_1500_Lewiston_4807-12.aiimg-h70.jpg,/uploads/autos/4807/2017_RAM_1500_Lewiston_4807-13.aiimg-h70.jpg,/uploads/autos/4807/2017_RAM_1500_Lewiston_4807-14.aiimg-h70.jpg,/uploads/autos/4807/2017_RAM_1500_Lewiston_4807-15.aiimg-h70.jpg,/uploads/autos/4807/2017_RAM_1500_Lewiston_4807-16.aiimg-h70.jpg,/uploads/autos/4807/2017_RAM_1500_Lewiston_4807-17.aiimg-h70.jpg",description,Options,,"5.7L V8 OHV 16V",4WD,,https://www.usedcarslewistonid.com/autos/2017-RAM-1500-Lewiston-4807,Used,Certified,0,0,0,-,-,-,-,"2017 RAM 1500",,none,used
454545,13559,2007,GMC,"Sierra 2500HD","SLE1 Crew Cab 4WD",1GTHK23617F537234,"222,191","20,995",,,"6-Speed Automatic","/uploads/autos/4804/2007_GMC_Sierra_2500HD_Lewiston_4804-1.aiimg-h70.jpg,/uploads/autos/4804/2007_GMC_Sierra_2500HD_Lewiston_4804-2.aiimg-h70.jpg,/uploads/autos/4804/2007_GMC_Sierra_2500HD_Lewiston_4804-3.aiimg-h70.jpg,/uploads/autos/4804/2007_GMC_Sierra_2500HD_Lewiston_4804-4.aiimg-h70.jpg,/uploads/autos/4804/2007_GMC_Sierra_2500HD_Lewiston_4804-5.aiimg-h70.jpg,/uploads/autos/4804/2007_GMC_Sierra_2500HD_Lewiston_4804-6.aiimg-h70.jpg,/uploads/autos/4804/2007_GMC_Sierra_2500HD_Lewiston_4804-7.aiimg-h70.jpg,/uploads/autos/4804/2007_GMC_Sierra_2500HD_Lewiston_4804-8.aiimg-h70.jpg,/uploads/autos/4804/2007_GMC_Sierra_2500HD_Lewiston_4804-9.aiimg-h70.jpg,/uploads/autos/4804/2007_GMC_Sierra_2500HD_Lewiston_4804-10.aiimg-h70.jpg,/uploads/autos/4804/2007_GMC_Sierra_2500HD_Lewiston_4804-11.aiimg-h70.jpg,/uploads/autos/4804/2007_GMC_Sierra_2500HD_Lewiston_4804-12.aiimg-h70.jpg,/uploads/autos/4804/2007_GMC_Sierra_2500HD_Lewiston_4804-13.aiimg-h70.jpg,/uploads/autos/4804/2007_GMC_Sierra_2500HD_Lewiston_4804-14.aiimg-h70.jpg,/uploads/autos/4804/2007_GMC_Sierra_2500HD_Lewiston_4804-15.aiimg-h70.jpg,/uploads/autos/4804/2007_GMC_Sierra_2500HD_Lewiston_4804-16.aiimg-h70.jpg,/uploads/autos/4804/2007_GMC_Sierra_2500HD_Lewiston_4804-17.aiimg-h70.jpg,/uploads/autos/4804/2007_GMC_Sierra_2500HD_Lewiston_4804-18.aiimg-h70.jpg",description,Options,,"6.6L V8 16V OHV TURBO DIESEL",4WD,,https://www.usedcarslewistonid.com/autos/2007-GMC-Sierra-2500HD-Lewiston-4804,Used,Certified,0,0,0,-,-,-,-,"2007 GMC Sierra 2500HD",,none,used
454545,13552,2014,Jeep,Wrangler,"Unlimited Sport 4WD",1C4BJWDG4EL218433,"98,544","26,695",,,"5-Speed Automatic","/uploads/autos/4778/2014-Jeep-Wrangler-4778-1.aiimg-h70.jpg,/uploads/autos/4778/2014-Jeep-Wrangler-4778-2.aiimg-h70.jpg,/uploads/autos/4778/2014-Jeep-Wrangler-4778-3.aiimg-h70.jpg,/uploads/autos/4778/2014-Jeep-Wrangler-4778-4.aiimg-h70.jpg,/uploads/autos/4778/2014-Jeep-Wrangler-4778-5.aiimg-h70.jpg,/uploads/autos/4778/2014-Jeep-Wrangler-4778-6.aiimg-h70.jpg,/uploads/autos/4778/2014-Jeep-Wrangler-4778-7.aiimg-h70.jpg,/uploads/autos/4778/2014-Jeep-Wrangler-4778-8.aiimg-h70.jpg,/uploads/autos/4778/2014-Jeep-Wrangler-4778-9.aiimg-h70.jpg,/uploads/autos/4778/2014-Jeep-Wrangler-4778-10.aiimg-h70.jpg,/uploads/autos/4778/2014-Jeep-Wrangler-4778-11.aiimg-h70.jpg,/uploads/autos/4778/2014-Jeep-Wrangler-4778-12.aiimg-h70.jpg,/uploads/autos/4778/2014-Jeep-Wrangler-4778-13.aiimg-h70.jpg,/uploads/autos/4778/2014-Jeep-Wrangler-4778-14.aiimg-h70.jpg,/uploads/autos/4778/2014-Jeep-Wrangler-4778-15.aiimg-h70.jpg,/uploads/autos/4778/2014-Jeep-Wrangler-4778-16.aiimg-h70.jpg,/uploads/autos/4778/2014-Jeep-Wrangler-4778-17.aiimg-h70.jpg,/uploads/autos/4778/2014-Jeep-Wrangler-4778-18.aiimg-h70.jpg,/uploads/autos/4778/2014-Jeep-Wrangler-4778-19.aiimg-h70.jpg",description,Options,,"3.6L V6 DOHC 24V FFV",4WD,,https://www.usedcarslewistonid.com/autos/2014-Jeep-Wrangler-Lewiston-4778,Used,Certified,0,0,0,-,-,-,-,"2014 Jeep Wrangler",,none,used
454545,13434,2017,RAM,1500,"Sport Crew Cab SWB 4WD",1C6RR7MT0HS543771,"96,063","35,995",,,"8-Speed Automatic","/uploads/autos/4700/2017-RAM-1500-4700-1.aiimg-h70.jpg,/uploads/autos/4700/2017-RAM-1500-4700-2.aiimg-h70.jpg,/uploads/autos/4700/2017-RAM-1500-4700-3.aiimg-h70.jpg,/uploads/autos/4700/2017-RAM-1500-4700-4.aiimg-h70.jpg,/uploads/autos/4700/2017-RAM-1500-4700-5.aiimg-h70.jpg,/uploads/autos/4700/2017-RAM-1500-4700-6.aiimg-h70.jpg,/uploads/autos/4700/2017-RAM-1500-4700-7.aiimg-h70.jpg,/uploads/autos/4700/2017-RAM-1500-4700-8.aiimg-h70.jpg,/uploads/autos/4700/2017-RAM-1500-4700-9.aiimg-h70.jpg,/uploads/autos/4700/2017-RAM-1500-4700-10.aiimg-h70.jpg,/uploads/autos/4700/2017-RAM-1500-4700-11.aiimg-h70.jpg,/uploads/autos/4700/2017-RAM-1500-4700-12.aiimg-h70.jpg,/uploads/autos/4700/2017-RAM-1500-4700-13.aiimg-h70.jpg,/uploads/autos/4700/2017-RAM-1500-4700-14.aiimg-h70.jpg,/uploads/autos/4700/2017-RAM-1500-4700-15.aiimg-h70.jpg,/uploads/autos/4700/2017-RAM-1500-4700-16.aiimg-h70.jpg,/uploads/autos/4700/2017-RAM-1500-4700-17.aiimg-h70.jpg,/uploads/autos/4700/2017-RAM-1500-4700-18.aiimg-h70.jpg,/uploads/autos/4700/2017-RAM-1500-4700-19.aiimg-h70.jpg",description,Options,,"5.7L V8 OHV 16V",4WD,,https://www.usedcarslewistonid.com/autos/2017-RAM-1500-Lewiston-4700,Used,Certified,0,0,0,-,-,-,-,"2017 RAM 1500",,none,used
454545,13261,2018,Ford,"F-350 SD","Lariat Crew Cab Long Bed 4WD",1FT8W3BT2JEC08606,"83,012","63,995",,,"6-Speed Automatic","/uploads/autos/4582/2018-Ford-F-350-SD-4582-20.aiimg-h70.jpg,/uploads/autos/4582/2018-Ford-F-350-SD-4582-2.aiimg-h70.jpg,/uploads/autos/4582/2018-Ford-F-350-SD-4582-3.aiimg-h70.jpg,/uploads/autos/4582/2018-Ford-F-350-SD-4582-4.aiimg-h70.jpg,/uploads/autos/4582/2018-Ford-F-350-SD-4582-5.aiimg-h70.jpg,/uploads/autos/4582/2018-Ford-F-350-SD-4582-6.aiimg-h70.jpg,/uploads/autos/4582/2018-Ford-F-350-SD-4582-7.aiimg-h70.jpg,/uploads/autos/4582/2018-Ford-F-350-SD-4582-8.aiimg-h70.jpg,/uploads/autos/4582/2018-Ford-F-350-SD-4582-9.aiimg-h70.jpg,/uploads/autos/4582/2018-Ford-F-350-SD-4582-10.aiimg-h70.jpg,/uploads/autos/4582/2018-Ford-F-350-SD-4582-11.aiimg-h70.jpg,/uploads/autos/4582/2018-Ford-F-350-SD-4582-12.aiimg-h70.jpg,/uploads/autos/4582/2018-Ford-F-350-SD-4582-13.aiimg-h70.jpg,/uploads/autos/4582/2018-Ford-F-350-SD-4582-14.aiimg-h70.jpg,/uploads/autos/4582/2018-Ford-F-350-SD-4582-15.aiimg-h70.jpg,/uploads/autos/4582/2018-Ford-F-350-SD-4582-16.aiimg-h70.jpg,/uploads/autos/4582/2018-Ford-F-350-SD-4582-17.aiimg-h70.jpg,/uploads/autos/4582/2018-Ford-F-350-SD-4582-18.aiimg-h70.jpg,/uploads/autos/4582/2018-Ford-F-350-SD-4582-19.aiimg-h70.jpg",description,Options,,"6.7L V8 OHV 16V DIESEL",4WD,,https://www.usedcarslewistonid.com/autos/2018-Ford-F-350-SD-Lewiston-4582,Used,Certified,0,0,0,-,-,-,-,"2018 Ford F-350 SD",,none,used
454545,13492,2017,RAM,1500,"SLT Crew Cab LWB 4WD",1C6RR7TT3HS762564,"142,815","26,995",,,"8-Speed Automatic","/uploads/autos/4734/2017-RAM-1500-Lewiston-4734-1.aiimg-h70.jpg,/uploads/autos/4734/2017-RAM-1500-Lewiston-4734-2.aiimg-h70.jpg,/uploads/autos/4734/2017-RAM-1500-Lewiston-4734-3.aiimg-h70.jpg,/uploads/autos/4734/2017-RAM-1500-Lewiston-4734-4.aiimg-h70.jpg,/uploads/autos/4734/2017-RAM-1500-Lewiston-4734-5.aiimg-h70.jpg,/uploads/autos/4734/2017-RAM-1500-Lewiston-4734-6.aiimg-h70.jpg,/uploads/autos/4734/2017-RAM-1500-Lewiston-4734-7.aiimg-h70.jpg,/uploads/autos/4734/2017-RAM-1500-Lewiston-4734-8.aiimg-h70.jpg,/uploads/autos/4734/2017-RAM-1500-Lewiston-4734-9.aiimg-h70.jpg,/uploads/autos/4734/2017-RAM-1500-Lewiston-4734-10.aiimg-h70.jpg,/uploads/autos/4734/2017-RAM-1500-Lewiston-4734-11.aiimg-h70.jpg,/uploads/autos/4734/2017-RAM-1500-Lewiston-4734-12.aiimg-h70.jpg,/uploads/autos/4734/2017-RAM-1500-Lewiston-4734-13.aiimg-h70.jpg,/uploads/autos/4734/2017-RAM-1500-Lewiston-4734-14.aiimg-h70.jpg,/uploads/autos/4734/2017-RAM-1500-Lewiston-4734-15.aiimg-h70.jpg,/uploads/autos/4734/2017-RAM-1500-Lewiston-4734-16.aiimg-h70.jpg,/uploads/autos/4734/2017-RAM-1500-Lewiston-4734-17.aiimg-h70.jpg",description,Options,,"5.7L V8 OHV 16V",4WD,,https://www.usedcarslewistonid.com/autos/2017-RAM-1500-Lewiston-4734,Used,Certified,0,0,0,-,-,-,-,"2017 RAM 1500",,none,used
454545,13593,2019,GMC,"Sierra 3500HD","SLE Crew Cab 4WD",1GT42UCY4KF121635,"89,568","55,995",,,"6-Speed Automatic","/uploads/autos/4815/2019_GMC_Sierra_3500HD_4815-1.aiimg-h70.jpg,/uploads/autos/4815/2019_GMC_Sierra_3500HD_4815-2.aiimg-h70.jpg,/uploads/autos/4815/2019_GMC_Sierra_3500HD_4815-3.aiimg-h70.jpg,/uploads/autos/4815/2019_GMC_Sierra_3500HD_4815-4.aiimg-h70.jpg,/uploads/autos/4815/2019_GMC_Sierra_3500HD_4815-5.aiimg-h70.jpg,/uploads/autos/4815/2019_GMC_Sierra_3500HD_4815-6.aiimg-h70.jpg,/uploads/autos/4815/2019_GMC_Sierra_3500HD_4815-7.aiimg-h70.jpg,/uploads/autos/4815/2019_GMC_Sierra_3500HD_4815-8.aiimg-h70.jpg,/uploads/autos/4815/2019_GMC_Sierra_3500HD_4815-9.aiimg-h70.jpg,/uploads/autos/4815/2019_GMC_Sierra_3500HD_4815-10.aiimg-h70.jpg,/uploads/autos/4815/2019_GMC_Sierra_3500HD_4815-11.aiimg-h70.jpg,/uploads/autos/4815/2019_GMC_Sierra_3500HD_4815-12.aiimg-h70.jpg,/uploads/autos/4815/2019_GMC_Sierra_3500HD_4815-13.aiimg-h70.jpg,/uploads/autos/4815/2019_GMC_Sierra_3500HD_4815-14.aiimg-h70.jpg,/uploads/autos/4815/2019_GMC_Sierra_3500HD_4815-15.aiimg-h70.jpg,/uploads/autos/4815/2019_GMC_Sierra_3500HD_4815-16.aiimg-h70.jpg,/uploads/autos/4815/2019_GMC_Sierra_3500HD_4815-17.aiimg-h70.jpg,/uploads/autos/4815/2019_GMC_Sierra_3500HD_4815-18.aiimg-h70.jpg,/uploads/autos/4815/2019_GMC_Sierra_3500HD_4815-19.aiimg-h70.jpg",description,Options,,"6.6L V8 OHV 16 DIESEL",4WD,,https://www.usedcarslewistonid.com/autos/2019-GMC-Sierra-3500HD-Lewiston-4815,Used,Certified,0,0,0,-,-,-,-,"2019 GMC Sierra 3500HD",,none,used
454545,13544,2018,Jeep,Cherokee,"Latitude Plus 4WD",1C4PJMLX3JD570662,"52,201","26,995",,,,"/uploads/autos/4765/2018-Jeep-Cherokee-4765-1.aiimg-h70.jpg,/uploads/autos/4765/2018-Jeep-Cherokee-4765-2.aiimg-h70.jpg,/uploads/autos/4765/2018-Jeep-Cherokee-4765-3.aiimg-h70.jpg,/uploads/autos/4765/2018-Jeep-Cherokee-4765-4.aiimg-h70.jpg,/uploads/autos/4765/2018-Jeep-Cherokee-4765-5.aiimg-h70.jpg,/uploads/autos/4765/2018-Jeep-Cherokee-4765-6.aiimg-h70.jpg,/uploads/autos/4765/2018-Jeep-Cherokee-4765-7.aiimg-h70.jpg,/uploads/autos/4765/2018-Jeep-Cherokee-4765-8.aiimg-h70.jpg,/uploads/autos/4765/2018-Jeep-Cherokee-4765-9.aiimg-h70.jpg,/uploads/autos/4765/2018-Jeep-Cherokee-4765-10.aiimg-h70.jpg,/uploads/autos/4765/2018-Jeep-Cherokee-4765-11.aiimg-h70.jpg,/uploads/autos/4765/2018-Jeep-Cherokee-4765-12.aiimg-h70.jpg,/uploads/autos/4765/2018-Jeep-Cherokee-4765-13.aiimg-h70.jpg,/uploads/autos/4765/2018-Jeep-Cherokee-4765-14.aiimg-h70.jpg,/uploads/autos/4765/2018-Jeep-Cherokee-4765-15.aiimg-h70.jpg,/uploads/autos/4765/2018-Jeep-Cherokee-4765-16.aiimg-h70.jpg,/uploads/autos/4765/2018-Jeep-Cherokee-4765-17.aiimg-h70.jpg,/uploads/autos/4765/2018-Jeep-Cherokee-4765-18.aiimg-h70.jpg,/uploads/autos/4765/2018-Jeep-Cherokee-4765-19.aiimg-h70.jpg",description,Options,,,,,https://www.usedcarslewistonid.com/autos/2018-Jeep-Cherokee-Lewiston-4765,Used,Certified,0,0,0,-,-,-,-,"2018 Jeep Cherokee",,none,used
454545,13585,2015,Ford,"F-350 SD","Lariat Crew Cab 4WD",1FT8W3BT1FEB75881,"155,911","42,995",,,"6-Speed Automatic","/uploads/autos/4816/2015_Ford_F_350_SD_Lewiston_4816-1.aiimg-h70.jpg,/uploads/autos/4816/2015_Ford_F_350_SD_Lewiston_4816-2.aiimg-h70.jpg,/uploads/autos/4816/2015_Ford_F_350_SD_Lewiston_4816-3.aiimg-h70.jpg,/uploads/autos/4816/2015_Ford_F_350_SD_Lewiston_4816-4.aiimg-h70.jpg,/uploads/autos/4816/2015_Ford_F_350_SD_Lewiston_4816-5.aiimg-h70.jpg,/uploads/autos/4816/2015_Ford_F_350_SD_Lewiston_4816-6.aiimg-h70.jpg,/uploads/autos/4816/2015_Ford_F_350_SD_Lewiston_4816-7.aiimg-h70.jpg,/uploads/autos/4816/2015_Ford_F_350_SD_Lewiston_4816-8.aiimg-h70.jpg,/uploads/autos/4816/2015_Ford_F_350_SD_Lewiston_4816-9.aiimg-h70.jpg,/uploads/autos/4816/2015_Ford_F_350_SD_Lewiston_4816-10.aiimg-h70.jpg,/uploads/autos/4816/2015_Ford_F_350_SD_Lewiston_4816-11.aiimg-h70.jpg,/uploads/autos/4816/2015_Ford_F_350_SD_Lewiston_4816-12.aiimg-h70.jpg,/uploads/autos/4816/2015_Ford_F_350_SD_Lewiston_4816-13.aiimg-h70.jpg,/uploads/autos/4816/2015_Ford_F_350_SD_Lewiston_4816-14.aiimg-h70.jpg,/uploads/autos/4816/2015_Ford_F_350_SD_Lewiston_4816-15.aiimg-h70.jpg,/uploads/autos/4816/2015_Ford_F_350_SD_Lewiston_4816-16.aiimg-h70.jpg,/uploads/autos/4816/2015_Ford_F_350_SD_Lewiston_4816-17.aiimg-h70.jpg,/uploads/autos/4816/2015_Ford_F_350_SD_Lewiston_4816-18.aiimg-h70.jpg,/uploads/autos/4816/2015_Ford_F_350_SD_Lewiston_4816-19.aiimg-h70.jpg",description,Options,,"6.7L V8 OHV 16V DIESEL",4WD,,https://www.usedcarslewistonid.com/autos/2015-Ford-F-350-SD-Lewiston-4816,Used,Certified,0,0,0,-,-,-,-,"2015 Ford F-350 SD",,none,used
454545,13479,2013,Ford,F-150,"XLT SuperCrew 6.5-ft. Bed 4WD",1FTFW1EF0DKD17766,"170,882","17,995",,,"6-Speed Automatic","/uploads/autos/4810/2013_Ford_F_150_4810-1.aiimg-h70.jpg,/uploads/autos/4810/2013_Ford_F_150_4810-2.aiimg-h70.jpg,/uploads/autos/4810/2013_Ford_F_150_4810-3.aiimg-h70.jpg,/uploads/autos/4810/2013_Ford_F_150_4810-4.aiimg-h70.jpg,/uploads/autos/4810/2013_Ford_F_150_4810-5.aiimg-h70.jpg,/uploads/autos/4810/2013_Ford_F_150_4810-6.aiimg-h70.jpg,/uploads/autos/4810/2013_Ford_F_150_4810-7.aiimg-h70.jpg,/uploads/autos/4810/2013_Ford_F_150_4810-8.aiimg-h70.jpg,/uploads/autos/4810/2013_Ford_F_150_4810-9.aiimg-h70.jpg,/uploads/autos/4810/2013_Ford_F_150_4810-10.aiimg-h70.jpg,/uploads/autos/4810/2013_Ford_F_150_4810-11.aiimg-h70.jpg,/uploads/autos/4810/2013_Ford_F_150_4810-12.aiimg-h70.jpg,/uploads/autos/4810/2013_Ford_F_150_4810-13.aiimg-h70.jpg,/uploads/autos/4810/2013_Ford_F_150_4810-14.aiimg-h70.jpg,/uploads/autos/4810/2013_Ford_F_150_4810-15.aiimg-h70.jpg,/uploads/autos/4810/2013_Ford_F_150_4810-16.aiimg-h70.jpg,/uploads/autos/4810/2013_Ford_F_150_4810-17.aiimg-h70.jpg,/uploads/autos/4810/2013_Ford_F_150_4810-18.aiimg-h70.jpg",description,Options,,"5.0L V8",4WD,,https://www.usedcarslewistonid.com/autos/2013-Ford-F-150-Lewiston-4810,Used,Certified,0,0,0,-,-,-,-,"2013 Ford F-150",,none,used
454545,13584,2010,GMC,"Sierra 1500","SLE Ext. Cab 4WD",1GTSKVE36AZ274755,"134,912","16,995",,,"6-Speed Automatic",/uploads/aiimg/images/autos/default_image_autos.aiimg-h70.jpg,description,Options,,"5.3L V8 OHV 16V FFV",4WD,,https://www.usedcarslewistonid.com/autos/2010-GMC-Sierra-1500-Lewiston-4813,Used,Certified,0,0,0,-,-,-,-,"2010 GMC Sierra 1500",,none,used
454545,13560,2015,RAM,1500,"SLT Crew Cab SWB 4WD",1C6RR7LM1FS688227,"74,114","30,995",,,"8-Speed Automatic","/uploads/autos/4781/2015-RAM-1500-Lewiston-4781-1.aiimg-h70.jpg,/uploads/autos/4781/2015-RAM-1500-Lewiston-4781-2.aiimg-h70.jpg,/uploads/autos/4781/2015-RAM-1500-Lewiston-4781-3.aiimg-h70.jpg,/uploads/autos/4781/2015-RAM-1500-Lewiston-4781-4.aiimg-h70.jpg,/uploads/autos/4781/2015-RAM-1500-Lewiston-4781-5.aiimg-h70.jpg,/uploads/autos/4781/2015-RAM-1500-Lewiston-4781-6.aiimg-h70.jpg,/uploads/autos/4781/2015-RAM-1500-Lewiston-4781-7.aiimg-h70.jpg,/uploads/autos/4781/2015-RAM-1500-Lewiston-4781-8.aiimg-h70.jpg,/uploads/autos/4781/2015-RAM-1500-Lewiston-4781-9.aiimg-h70.jpg,/uploads/autos/4781/2015-RAM-1500-Lewiston-4781-10.aiimg-h70.jpg,/uploads/autos/4781/2015-RAM-1500-Lewiston-4781-11.aiimg-h70.jpg,/uploads/autos/4781/2015-RAM-1500-Lewiston-4781-12.aiimg-h70.jpg,/uploads/autos/4781/2015-RAM-1500-Lewiston-4781-13.aiimg-h70.jpg,/uploads/autos/4781/2015-RAM-1500-Lewiston-4781-14.aiimg-h70.jpg,/uploads/autos/4781/2015-RAM-1500-Lewiston-4781-15.aiimg-h70.jpg,/uploads/autos/4781/2015-RAM-1500-Lewiston-4781-16.aiimg-h70.jpg,/uploads/autos/4781/2015-RAM-1500-Lewiston-4781-17.aiimg-h70.jpg,/uploads/autos/4781/2015-RAM-1500-Lewiston-4781-18.aiimg-h70.jpg,/uploads/autos/4781/2015-RAM-1500-Lewiston-4781-19.aiimg-h70.jpg",description,Options,,"3.0L V6 DIESEL",4WD,,https://www.usedcarslewistonid.com/autos/2015-RAM-1500-Lewiston-4781,Used,Certified,0,0,0,-,-,-,-,"2015 RAM 1500",,none,used
454545,13598,2008,Toyota,Tundra,"SR5 Double Cab 5.7L 4WD",5TFBV541X8X077200,"136,833","19,995",,,"6-Speed Automatic",/uploads/aiimg/images/autos/default_image_autos.aiimg-h70.jpg,description,Options,,"5.7L V8 DOHC 32V",4WD,,https://www.usedcarslewistonid.com/autos/2008-Toyota-Tundra-Lewiston-4817,Used,Certified,0,0,0,-,-,-,-,"2008 Toyota Tundra",,none,used
454545,13601,2011,Toyota,Tacoma,"Double Cab Long Bed V6 Auto 4WD",3TMMU4FN1BM036683,"90,046","25,995",,,"5-Speed Automatic","/uploads/autos/4819/2011_Toyota_Tacoma_4819-1.aiimg-h70.jpg,/uploads/autos/4819/2011_Toyota_Tacoma_4819-2.aiimg-h70.jpg,/uploads/autos/4819/2011_Toyota_Tacoma_4819-3.aiimg-h70.jpg,/uploads/autos/4819/2011_Toyota_Tacoma_4819-4.aiimg-h70.jpg,/uploads/autos/4819/2011_Toyota_Tacoma_4819-5.aiimg-h70.jpg,/uploads/autos/4819/2011_Toyota_Tacoma_4819-6.aiimg-h70.jpg,/uploads/autos/4819/2011_Toyota_Tacoma_4819-7.aiimg-h70.jpg,/uploads/autos/4819/2011_Toyota_Tacoma_4819-8.aiimg-h70.jpg,/uploads/autos/4819/2011_Toyota_Tacoma_4819-9.aiimg-h70.jpg,/uploads/autos/4819/2011_Toyota_Tacoma_4819-10.aiimg-h70.jpg,/uploads/autos/4819/2011_Toyota_Tacoma_4819-11.aiimg-h70.jpg,/uploads/autos/4819/2011_Toyota_Tacoma_4819-12.aiimg-h70.jpg,/uploads/autos/4819/2011_Toyota_Tacoma_4819-13.aiimg-h70.jpg,/uploads/autos/4819/2011_Toyota_Tacoma_4819-14.aiimg-h70.jpg,/uploads/autos/4819/2011_Toyota_Tacoma_4819-15.aiimg-h70.jpg,/uploads/autos/4819/2011_Toyota_Tacoma_4819-16.aiimg-h70.jpg,/uploads/autos/4819/2011_Toyota_Tacoma_4819-17.aiimg-h70.jpg,/uploads/autos/4819/2011_Toyota_Tacoma_4819-18.aiimg-h70.jpg,/uploads/autos/4819/2011_Toyota_Tacoma_4819-19.aiimg-h70.jpg,/uploads/autos/4819/2011_Toyota_Tacoma_4819-20.aiimg-h70.jpg,/uploads/autos/4819/2011_Toyota_Tacoma_4819-21.aiimg-h70.jpg",description,Options,,"4.0L V6 DOHC 24V",4WD,,https://www.usedcarslewistonid.com/autos/2011-Toyota-Tacoma-Lewiston-4819,Used,Certified,0,0,0,-,-,-,-,"2011 Toyota Tacoma",,none,used
454545,13477,2014,Toyota,Tundra,"Platinum CrewMax 5.7L 4WD",5TFAY5F1XEX370123,"90,715","38,995",,,"6-Speed Automatic","/uploads/autos/4728/2014-Toyota-Tundra-4728-1.aiimg-h70.jpg,/uploads/autos/4728/2014-Toyota-Tundra-4728-2.aiimg-h70.jpg,/uploads/autos/4728/2014-Toyota-Tundra-4728-3.aiimg-h70.jpg,/uploads/autos/4728/2014-Toyota-Tundra-4728-4.aiimg-h70.jpg,/uploads/autos/4728/2014-Toyota-Tundra-4728-5.aiimg-h70.jpg,/uploads/autos/4728/2014-Toyota-Tundra-4728-6.aiimg-h70.jpg,/uploads/autos/4728/2014-Toyota-Tundra-4728-7.aiimg-h70.jpg,/uploads/autos/4728/2014-Toyota-Tundra-4728-8.aiimg-h70.jpg,/uploads/autos/4728/2014-Toyota-Tundra-4728-9.aiimg-h70.jpg,/uploads/autos/4728/2014-Toyota-Tundra-4728-10.aiimg-h70.jpg,/uploads/autos/4728/2014-Toyota-Tundra-4728-11.aiimg-h70.jpg,/uploads/autos/4728/2014-Toyota-Tundra-4728-12.aiimg-h70.jpg,/uploads/autos/4728/2014-Toyota-Tundra-4728-13.aiimg-h70.jpg,/uploads/autos/4728/2014-Toyota-Tundra-4728-14.aiimg-h70.jpg,/uploads/autos/4728/2014-Toyota-Tundra-4728-15.aiimg-h70.jpg,/uploads/autos/4728/2014-Toyota-Tundra-4728-16.aiimg-h70.jpg,/uploads/autos/4728/2014-Toyota-Tundra-4728-17.aiimg-h70.jpg,/uploads/autos/4728/2014-Toyota-Tundra-4728-18.aiimg-h70.jpg,/uploads/autos/4728/2014-Toyota-Tundra-4728-19.aiimg-h70.jpg,/uploads/autos/4728/2014-Toyota-Tundra-4728-20.aiimg-h70.jpg,/uploads/autos/4728/2014-Toyota-Tundra-4728-21.aiimg-h70.jpg,/uploads/autos/4728/2014-Toyota-Tundra-4728-22.aiimg-h70.jpg,/uploads/autos/4728/2014-Toyota-Tundra-4728-23.aiimg-h70.jpg,/uploads/autos/4728/2014-Toyota-Tundra-4728-24.aiimg-h70.jpg",description,Options,,"5.7L V8 DOHC 32V",4WD,,https://www.usedcarslewistonid.com/autos/2014-Toyota-Tundra-Lewiston-4728,Used,Certified,0,0,0,-,-,-,-,"2014 Toyota Tundra",,none,used
454545,13337,2017,Ford,"F-350 SD","Lariat Crew Cab 4WD",1FT8W3BT7HED37967,"66,820","65,995",,,"6-Speed Automatic","/uploads/autos/4628/2017-Ford-F-350-SD-Lewiston-4628-1.aiimg-h70.jpg,/uploads/autos/4628/2017-Ford-F-350-SD-Lewiston-4628-2.aiimg-h70.jpg,/uploads/autos/4628/2017-Ford-F-350-SD-Lewiston-4628-3.aiimg-h70.jpg,/uploads/autos/4628/2017-Ford-F-350-SD-Lewiston-4628-4.aiimg-h70.jpg,/uploads/autos/4628/2017-Ford-F-350-SD-Lewiston-4628-5.aiimg-h70.jpg,/uploads/autos/4628/2017-Ford-F-350-SD-Lewiston-4628-6.aiimg-h70.jpg,/uploads/autos/4628/2017-Ford-F-350-SD-Lewiston-4628-7.aiimg-h70.jpg,/uploads/autos/4628/2017-Ford-F-350-SD-Lewiston-4628-8.aiimg-h70.jpg,/uploads/autos/4628/2017-Ford-F-350-SD-Lewiston-4628-9.aiimg-h70.jpg,/uploads/autos/4628/2017-Ford-F-350-SD-Lewiston-4628-10.aiimg-h70.jpg,/uploads/autos/4628/2017-Ford-F-350-SD-Lewiston-4628-11.aiimg-h70.jpg,/uploads/autos/4628/2017-Ford-F-350-SD-Lewiston-4628-12.aiimg-h70.jpg,/uploads/autos/4628/2017-Ford-F-350-SD-Lewiston-4628-13.aiimg-h70.jpg,/uploads/autos/4628/2017-Ford-F-350-SD-Lewiston-4628-14.aiimg-h70.jpg,/uploads/autos/4628/2017-Ford-F-350-SD-Lewiston-4628-15.aiimg-h70.jpg,/uploads/autos/4628/2017-Ford-F-350-SD-Lewiston-4628-16.aiimg-h70.jpg,/uploads/autos/4628/2017-Ford-F-350-SD-Lewiston-4628-17.aiimg-h70.jpg,/uploads/autos/4628/2017-Ford-F-350-SD-Lewiston-4628-18.aiimg-h70.jpg,/uploads/autos/4628/2017-Ford-F-350-SD-Lewiston-4628-19.aiimg-h70.jpg,/uploads/autos/4628/2017-Ford-F-350-SD-Lewiston-4628-20.aiimg-h70.jpg,/uploads/autos/4628/2017-Ford-F-350-SD-Lewiston-4628-21.aiimg-h70.jpg,/uploads/autos/4628/2017-Ford-F-350-SD-Lewiston-4628-22.aiimg-h70.jpg",description,Options,,"6.7L V8 OHV 16V DIESEL",4WD,,https://www.usedcarslewistonid.com/autos/2017-Ford-F-350-SD-Lewiston-4628,Used,Certified,0,0,0,-,-,-,-,"2017 Ford F-350 SD",,none,used
454545,13270,2017,RAM,3500,"Laramie Crew Cab SWB 4WD",3C63R3EL4HG530428,"111,628","56,995",,,"6-Speed Automatic","/uploads/autos/4590/2017-RAM-3500-Lewiston-4590-1.aiimg-h70.jpg,/uploads/autos/4590/2017-RAM-3500-Lewiston-4590-2.aiimg-h70.jpg,/uploads/autos/4590/2017-RAM-3500-Lewiston-4590-3.aiimg-h70.jpg,/uploads/autos/4590/2017-RAM-3500-Lewiston-4590-4.aiimg-h70.jpg,/uploads/autos/4590/2017-RAM-3500-Lewiston-4590-5.aiimg-h70.jpg,/uploads/autos/4590/2017-RAM-3500-Lewiston-4590-6.aiimg-h70.jpg,/uploads/autos/4590/2017-RAM-3500-Lewiston-4590-7.aiimg-h70.jpg,/uploads/autos/4590/2017-RAM-3500-Lewiston-4590-8.aiimg-h70.jpg,/uploads/autos/4590/2017-RAM-3500-Lewiston-4590-9.aiimg-h70.jpg,/uploads/autos/4590/2017-RAM-3500-Lewiston-4590-10.aiimg-h70.jpg,/uploads/autos/4590/2017-RAM-3500-Lewiston-4590-11.aiimg-h70.jpg,/uploads/autos/4590/2017-RAM-3500-Lewiston-4590-12.aiimg-h70.jpg,/uploads/autos/4590/2017-RAM-3500-Lewiston-4590-13.aiimg-h70.jpg,/uploads/autos/4590/2017-RAM-3500-Lewiston-4590-14.aiimg-h70.jpg,/uploads/autos/4590/2017-RAM-3500-Lewiston-4590-15.aiimg-h70.jpg,/uploads/autos/4590/2017-RAM-3500-Lewiston-4590-16.aiimg-h70.jpg,/uploads/autos/4590/2017-RAM-3500-Lewiston-4590-17.aiimg-h70.jpg,/uploads/autos/4590/2017-RAM-3500-Lewiston-4590-18.aiimg-h70.jpg,/uploads/autos/4590/2017-RAM-3500-Lewiston-4590-19.aiimg-h70.jpg,/uploads/autos/4590/2017-RAM-3500-Lewiston-4590-20.aiimg-h70.jpg,/uploads/autos/4590/2017-RAM-3500-Lewiston-4590-21.aiimg-h70.jpg",description,Options,,"6.7L L6 OHV 24V TURBO DIESEL",4WD,,https://www.usedcarslewistonid.com/autos/2017-RAM-3500-Lewiston-4590,Used,Certified,0,0,0,-,-,-,-,"2017 RAM 3500",,none,used
454545,13583,2003,Subaru,Outback,"Wagon w/ All-weather Package",4S3BH675337613537,"274,354","3,495",,,"4-Speed Automatic","/uploads/autos/4812/2003_Subaru_Outback_4812-1.aiimg-h70.jpg,/uploads/autos/4812/2003_Subaru_Outback_4812-2.aiimg-h70.jpg,/uploads/autos/4812/2003_Subaru_Outback_4812-3.aiimg-h70.jpg,/uploads/autos/4812/2003_Subaru_Outback_4812-4.aiimg-h70.jpg,/uploads/autos/4812/2003_Subaru_Outback_4812-5.aiimg-h70.jpg,/uploads/autos/4812/2003_Subaru_Outback_4812-6.aiimg-h70.jpg,/uploads/autos/4812/2003_Subaru_Outback_4812-7.aiimg-h70.jpg,/uploads/autos/4812/2003_Subaru_Outback_4812-8.aiimg-h70.jpg,/uploads/autos/4812/2003_Subaru_Outback_4812-9.aiimg-h70.jpg,/uploads/autos/4812/2003_Subaru_Outback_4812-10.aiimg-h70.jpg,/uploads/autos/4812/2003_Subaru_Outback_4812-11.aiimg-h70.jpg,/uploads/autos/4812/2003_Subaru_Outback_4812-12.aiimg-h70.jpg,/uploads/autos/4812/2003_Subaru_Outback_4812-13.aiimg-h70.jpg,/uploads/autos/4812/2003_Subaru_Outback_4812-14.aiimg-h70.jpg,/uploads/autos/4812/2003_Subaru_Outback_4812-15.aiimg-h70.jpg,/uploads/autos/4812/2003_Subaru_Outback_4812-16.aiimg-h70.jpg,/uploads/autos/4812/2003_Subaru_Outback_4812-17.aiimg-h70.jpg",description,Options,,"2.5L H4 SOHC 16V",AWD,,https://www.usedcarslewistonid.com/autos/2003-Subaru-Outback-Lewiston-4812,Used,Certified,0,0,0,-,-,-,-,"2003 Subaru Outback",,none,used
454545,13515,2017,Toyota,RAV4,"LE AWD",2T3BFREVXHW671957,"110,161","23,995",,,"6-Speed Automatic","/uploads/autos/4747/2017-Toyota-RAV4-Lewiston-4747-1.aiimg-h70.jpg,/uploads/autos/4747/2017-Toyota-RAV4-Lewiston-4747-2.aiimg-h70.jpg,/uploads/autos/4747/2017-Toyota-RAV4-Lewiston-4747-3.aiimg-h70.jpg,/uploads/autos/4747/2017-Toyota-RAV4-Lewiston-4747-4.aiimg-h70.jpg,/uploads/autos/4747/2017-Toyota-RAV4-Lewiston-4747-5.aiimg-h70.jpg,/uploads/autos/4747/2017-Toyota-RAV4-Lewiston-4747-6.aiimg-h70.jpg,/uploads/autos/4747/2017-Toyota-RAV4-Lewiston-4747-7.aiimg-h70.jpg,/uploads/autos/4747/2017-Toyota-RAV4-Lewiston-4747-8.aiimg-h70.jpg,/uploads/autos/4747/2017-Toyota-RAV4-Lewiston-4747-9.aiimg-h70.jpg,/uploads/autos/4747/2017-Toyota-RAV4-Lewiston-4747-10.aiimg-h70.jpg,/uploads/autos/4747/2017-Toyota-RAV4-Lewiston-4747-11.aiimg-h70.jpg,/uploads/autos/4747/2017-Toyota-RAV4-Lewiston-4747-12.aiimg-h70.jpg,/uploads/autos/4747/2017-Toyota-RAV4-Lewiston-4747-13.aiimg-h70.jpg,/uploads/autos/4747/2017-Toyota-RAV4-Lewiston-4747-14.aiimg-h70.jpg,/uploads/autos/4747/2017-Toyota-RAV4-Lewiston-4747-15.aiimg-h70.jpg,/uploads/autos/4747/2017-Toyota-RAV4-Lewiston-4747-16.aiimg-h70.jpg,/uploads/autos/4747/2017-Toyota-RAV4-Lewiston-4747-17.aiimg-h70.jpg,/uploads/autos/4747/2017-Toyota-RAV4-Lewiston-4747-18.aiimg-h70.jpg,/uploads/autos/4747/2017-Toyota-RAV4-Lewiston-4747-19.aiimg-h70.jpg",description,Options,,"2.5L L4 DOHC 16V",AWD,,https://www.usedcarslewistonid.com/autos/2017-Toyota-RAV4-Lewiston-4747,Used,Certified,0,0,0,-,-,-,-,"2017 Toyota RAV4",,none,used
454545,13595,2015,Toyota,Tacoma,"Access Cab I4 5MT 4WD",5TFUX4EN7FX037183,"126,485","22,495",,,"5-Speed Manual",/uploads/aiimg/images/autos/default_image_autos.aiimg-h70.jpg,description,Options,,"2.7L L4 DOHC 16V",4WD,,https://www.usedcarslewistonid.com/autos/2015-Toyota-Tacoma-Lewiston-4820,Used,Certified,0,0,0,-,-,-,-,"2015 Toyota Tacoma",,none,used
454545,13461,2017,Toyota,Tundra,"SR5 5.7L V8 Double Cab 4WD",5TFUY5F15HX616478,"112,164","32,995",,,"6-Speed Automatic","/uploads/autos/4721/2017-Toyota-Tundra-4721-1.aiimg-h70.jpg,/uploads/autos/4721/2017-Toyota-Tundra-4721-2.aiimg-h70.jpg,/uploads/autos/4721/2017-Toyota-Tundra-4721-3.aiimg-h70.jpg,/uploads/autos/4721/2017-Toyota-Tundra-4721-4.aiimg-h70.jpg,/uploads/autos/4721/2017-Toyota-Tundra-4721-5.aiimg-h70.jpg,/uploads/autos/4721/2017-Toyota-Tundra-4721-6.aiimg-h70.jpg,/uploads/autos/4721/2017-Toyota-Tundra-4721-7.aiimg-h70.jpg,/uploads/autos/4721/2017-Toyota-Tundra-4721-8.aiimg-h70.jpg,/uploads/autos/4721/2017-Toyota-Tundra-4721-9.aiimg-h70.jpg,/uploads/autos/4721/2017-Toyota-Tundra-4721-10.aiimg-h70.jpg,/uploads/autos/4721/2017-Toyota-Tundra-4721-11.aiimg-h70.jpg,/uploads/autos/4721/2017-Toyota-Tundra-4721-12.aiimg-h70.jpg,/uploads/autos/4721/2017-Toyota-Tundra-4721-13.aiimg-h70.jpg,/uploads/autos/4721/2017-Toyota-Tundra-4721-14.aiimg-h70.jpg,/uploads/autos/4721/2017-Toyota-Tundra-4721-15.aiimg-h70.jpg,/uploads/autos/4721/2017-Toyota-Tundra-4721-16.aiimg-h70.jpg,/uploads/autos/4721/2017-Toyota-Tundra-4721-17.aiimg-h70.jpg,/uploads/autos/4721/2017-Toyota-Tundra-4721-18.aiimg-h70.jpg,/uploads/autos/4721/2017-Toyota-Tundra-4721-19.aiimg-h70.jpg",description,Options,,"5.7L V8 DOHC 32V",4WD,,https://www.usedcarslewistonid.com/autos/2017-Toyota-Tundra-Lewiston-4721,Used,Certified,0,0,0,-,-,-,-,"2017 Toyota Tundra",,none,used
454545,13569,2016,RAM,2500,"Tradesman Crew Cab LWB 4WD",3C6UR5HLXGG362112,"148,439","39,995",,,"6-Speed Automatic","/uploads/autos/4808/2016_RAM_2500_4808-1.aiimg-h70.jpg,/uploads/autos/4808/2016_RAM_2500_4808-2.aiimg-h70.jpg,/uploads/autos/4808/2016_RAM_2500_4808-3.aiimg-h70.jpg,/uploads/autos/4808/2016_RAM_2500_4808-4.aiimg-h70.jpg,/uploads/autos/4808/2016_RAM_2500_4808-5.aiimg-h70.jpg,/uploads/autos/4808/2016_RAM_2500_4808-6.aiimg-h70.jpg,/uploads/autos/4808/2016_RAM_2500_4808-7.aiimg-h70.jpg,/uploads/autos/4808/2016_RAM_2500_4808-8.aiimg-h70.jpg,/uploads/autos/4808/2016_RAM_2500_4808-9.aiimg-h70.jpg,/uploads/autos/4808/2016_RAM_2500_4808-10.aiimg-h70.jpg,/uploads/autos/4808/2016_RAM_2500_4808-11.aiimg-h70.jpg,/uploads/autos/4808/2016_RAM_2500_4808-12.aiimg-h70.jpg,/uploads/autos/4808/2016_RAM_2500_4808-13.aiimg-h70.jpg,/uploads/autos/4808/2016_RAM_2500_4808-14.aiimg-h70.jpg,/uploads/autos/4808/2016_RAM_2500_4808-15.aiimg-h70.jpg,/uploads/autos/4808/2016_RAM_2500_4808-16.aiimg-h70.jpg,/uploads/autos/4808/2016_RAM_2500_4808-17.aiimg-h70.jpg,/uploads/autos/4808/2016_RAM_2500_4808-18.aiimg-h70.jpg,/uploads/autos/4808/2016_RAM_2500_4808-19.aiimg-h70.jpg",description,Options,,"6.7L L6 OHV 24V TURBO DIESEL",4WD,,https://www.usedcarslewistonid.com/autos/2016-RAM-2500-Lewiston-4808,Used,Certified,0,0,0,-,-,-,-,"2016 RAM 2500",,none,used
454545,13485,2016,Toyota,Tacoma,"Limited Double Cab Super Long Bed V6 5AT 4WD",5TFHZ5BN7GX002683,"105,834","35,995",,,"6-Speed Automatic","/uploads/autos/4752/2016-Toyota-Tacoma-4752-1.aiimg-h70.jpg,/uploads/autos/4752/2016-Toyota-Tacoma-4752-2.aiimg-h70.jpg,/uploads/autos/4752/2016-Toyota-Tacoma-4752-3.aiimg-h70.jpg,/uploads/autos/4752/2016-Toyota-Tacoma-4752-4.aiimg-h70.jpg,/uploads/autos/4752/2016-Toyota-Tacoma-4752-5.aiimg-h70.jpg,/uploads/autos/4752/2016-Toyota-Tacoma-4752-6.aiimg-h70.jpg,/uploads/autos/4752/2016-Toyota-Tacoma-4752-7.aiimg-h70.jpg,/uploads/autos/4752/2016-Toyota-Tacoma-4752-8.aiimg-h70.jpg,/uploads/autos/4752/2016-Toyota-Tacoma-4752-9.aiimg-h70.jpg,/uploads/autos/4752/2016-Toyota-Tacoma-4752-10.aiimg-h70.jpg,/uploads/autos/4752/2016-Toyota-Tacoma-4752-11.aiimg-h70.jpg,/uploads/autos/4752/2016-Toyota-Tacoma-4752-12.aiimg-h70.jpg,/uploads/autos/4752/2016-Toyota-Tacoma-4752-13.aiimg-h70.jpg,/uploads/autos/4752/2016-Toyota-Tacoma-4752-14.aiimg-h70.jpg,/uploads/autos/4752/2016-Toyota-Tacoma-4752-15.aiimg-h70.jpg,/uploads/autos/4752/2016-Toyota-Tacoma-4752-16.aiimg-h70.jpg,/uploads/autos/4752/2016-Toyota-Tacoma-4752-17.aiimg-h70.jpg,/uploads/autos/4752/2016-Toyota-Tacoma-4752-18.aiimg-h70.jpg,/uploads/autos/4752/2016-Toyota-Tacoma-4752-19.aiimg-h70.jpg",description,Options,,"3.5L V6 DOHC 24V",4WD,,https://www.usedcarslewistonid.com/autos/2016-Toyota-Tacoma-Lewiston-4752,Used,Certified,0,0,0,-,-,-,-,"2016 Toyota Tacoma",,none,used
454545,13588,2016,Toyota,Corolla,"S Plus CVT",2T1BURHE5GC697621,"40,578","19,495",,,"Continuously Variable Transmission","/uploads/autos/4809/2016_Toyota_Corolla_Lewiston_4809-1.aiimg-h70.jpg,/uploads/autos/4809/2016_Toyota_Corolla_Lewiston_4809-2.aiimg-h70.jpg,/uploads/autos/4809/2016_Toyota_Corolla_Lewiston_4809-3.aiimg-h70.jpg,/uploads/autos/4809/2016_Toyota_Corolla_Lewiston_4809-4.aiimg-h70.jpg,/uploads/autos/4809/2016_Toyota_Corolla_Lewiston_4809-5.aiimg-h70.jpg,/uploads/autos/4809/2016_Toyota_Corolla_Lewiston_4809-6.aiimg-h70.jpg,/uploads/autos/4809/2016_Toyota_Corolla_Lewiston_4809-7.aiimg-h70.jpg,/uploads/autos/4809/2016_Toyota_Corolla_Lewiston_4809-8.aiimg-h70.jpg,/uploads/autos/4809/2016_Toyota_Corolla_Lewiston_4809-9.aiimg-h70.jpg,/uploads/autos/4809/2016_Toyota_Corolla_Lewiston_4809-10.aiimg-h70.jpg,/uploads/autos/4809/2016_Toyota_Corolla_Lewiston_4809-11.aiimg-h70.jpg,/uploads/autos/4809/2016_Toyota_Corolla_Lewiston_4809-12.aiimg-h70.jpg,/uploads/autos/4809/2016_Toyota_Corolla_Lewiston_4809-13.aiimg-h70.jpg,/uploads/autos/4809/2016_Toyota_Corolla_Lewiston_4809-14.aiimg-h70.jpg,/uploads/autos/4809/2016_Toyota_Corolla_Lewiston_4809-15.aiimg-h70.jpg,/uploads/autos/4809/2016_Toyota_Corolla_Lewiston_4809-16.aiimg-h70.jpg,/uploads/autos/4809/2016_Toyota_Corolla_Lewiston_4809-17.aiimg-h70.jpg,/uploads/autos/4809/2016_Toyota_Corolla_Lewiston_4809-18.aiimg-h70.jpg",description,Options,,"1.8L L4 DOHC 16V",FWD,,https://www.usedcarslewistonid.com/autos/2016-Toyota-Corolla-Lewiston-4809,Used,Certified,0,0,0,-,-,-,-,"2016 Toyota Corolla",,none,used
454545,13517,2000,Ford,"F-350 SD","XLT Crew Cab Short Bed 4WD",1FTSW31F1YEC53533,"222,306","18,995",,,"4-Speed Automatic","/uploads/autos/4771/2000-Ford-F-350-SD-4771-1.aiimg-h70.jpg,/uploads/autos/4771/2000-Ford-F-350-SD-4771-2.aiimg-h70.jpg,/uploads/autos/4771/2000-Ford-F-350-SD-4771-3.aiimg-h70.jpg,/uploads/autos/4771/2000-Ford-F-350-SD-4771-4.aiimg-h70.jpg,/uploads/autos/4771/2000-Ford-F-350-SD-4771-5.aiimg-h70.jpg,/uploads/autos/4771/2000-Ford-F-350-SD-4771-6.aiimg-h70.jpg,/uploads/autos/4771/2000-Ford-F-350-SD-4771-7.aiimg-h70.jpg,/uploads/autos/4771/2000-Ford-F-350-SD-4771-8.aiimg-h70.jpg,/uploads/autos/4771/2000-Ford-F-350-SD-4771-9.aiimg-h70.jpg,/uploads/autos/4771/2000-Ford-F-350-SD-4771-10.aiimg-h70.jpg,/uploads/autos/4771/2000-Ford-F-350-SD-4771-11.aiimg-h70.jpg,/uploads/autos/4771/2000-Ford-F-350-SD-4771-12.aiimg-h70.jpg,/uploads/autos/4771/2000-Ford-F-350-SD-4771-13.aiimg-h70.jpg,/uploads/autos/4771/2000-Ford-F-350-SD-4771-14.aiimg-h70.jpg,/uploads/autos/4771/2000-Ford-F-350-SD-4771-15.aiimg-h70.jpg,/uploads/autos/4771/2000-Ford-F-350-SD-4771-16.aiimg-h70.jpg,/uploads/autos/4771/2000-Ford-F-350-SD-4771-17.aiimg-h70.jpg,/uploads/autos/4771/2000-Ford-F-350-SD-4771-18.aiimg-h70.jpg",description,Options,,"7.3L V8 OHV 16V TURBO DIESEL",4WD,,https://www.usedcarslewistonid.com/autos/2000-Ford-F-350-SD-Lewiston-4771,Used,Certified,0,0,0,-,-,-,-,"2000 Ford F-350 SD",,none,used
