web-scraper-order,web-scraper-start-url,link,link-href,stock,year,make,model,style,cylinder,transmission,engine,drive train,fuel type,vin,mileage,color,color 2,internet price,photo urls,doors,Vehicle Type,description,trim,certified,condition,options,pagination,pagination-href,menu,menu-href
1655221794-15080,https://concordauto1.com/,"2016 KIA SORENTO EX
                    
                        
                            
                                exterior:
                                Blue
                                                    
                                interior:
                                BLACK
                                                    
                                engine:
                                V6, 3.3l;...
                                                    
                                stock #:
                                2885
                                                    
                                mileage:
                                97,617
                            
                        

                    
                $18,990",https://concordauto1.com/product/kia_sorento_ex_1130/,2885,2016,KIA,SORENTO,null,6,AUTOMATIC,"V6, 3.3L; DOHC 24V; GDI",null,null,5XYPHDA58GG161130,"97,617",BLUE,BLACK,"18,990","[{""photo urls"":"""",""photo urls-src"":""https://aximages.s3.amazonaws.com/1906/2885/49822_1_2885-1_134458.jpg""},{""photo urls"":"""",""photo urls-src"":""https://aximages.s3.amazonaws.com/1906/2885/49822_1_2885-2_134458.jpg""},{""photo urls"":"""",""photo urls-src"":""https://aximages.s3.amazonaws.com/1906/2885/49822_1_2885-3_134458.jpg""},{""photo urls"":"""",""photo urls-src"":""https://aximages.s3.amazonaws.com/1906/2885/49822_1_2885-4_134458.jpg""},{""photo urls"":"""",""photo urls-src"":""https://aximages.s3.amazonaws.com/1906/2885/49822_1_2885-5_142938.jpg""},{""photo urls"":"""",""photo urls-src"":""https://aximages.s3.amazonaws.com/1906/2885/49822_1_2885-6_142939.jpg""},{""photo urls"":"""",""photo urls-src"":""https://aximages.s3.amazonaws.com/1906/2885/49822_1_2885-7_142940.jpg""},{""photo urls"":"""",""photo urls-src"":""https://aximages.s3.amazonaws.com/1906/2885/49822_1_2885-8_142940.jpg""},{""photo urls"":"""",""photo urls-src"":""https://aximages.s3.amazonaws.com/1906/2885/49822_1_2885-9_142940.jpg""},{""photo urls"":"""",""photo urls-src"":""https://aximages.s3.amazonaws.com/1906/2885/49822_1_2885-10_142940.jpg""},{""photo urls"":"""",""photo urls-src"":""https://aximages.s3.amazonaws.com/1906/2885/49822_1_2885-11_142940.jpg""},{""photo urls"":"""",""photo urls-src"":""https://aximages.s3.amazonaws.com/1906/2885/49822_1_2885-12_142940.jpg""},{""photo urls"":"""",""photo urls-src"":""https://aximages.s3.amazonaws.com/1906/2885/49822_1_2885-13_142940.jpg""},{""photo urls"":"""",""photo urls-src"":""https://aximages.s3.amazonaws.com/1906/2885/49822_1_2885-14_142940.jpg""},{""photo urls"":"""",""photo urls-src"":""https://aximages.s3.amazonaws.com/1906/2885/49822_1_2885-15_142940.jpg""},{""photo urls"":"""",""photo urls-src"":""https://aximages.s3.amazonaws.com/1906/2885/49822_1_2885-16_142940.jpg""},{""photo urls"":"""",""photo urls-src"":""https://aximages.s3.amazonaws.com/1906/2885/49822_1_2885-17_142941.jpg""},{""photo urls"":"""",""photo urls-src"":""https://aximages.s3.amazonaws.com/1906/2885/49822_1_2885-18_142941.jpg""},{""photo urls"":"""",""photo urls-src"":""https://aximages.s3.amazonaws.com/1906/2885/49822_1_2885-19_142941.jpg""},{""photo urls"":"""",""photo urls-src"":""https://aximages.s3.amazonaws.com/1906/2885/49822_1_2885-20_142941.jpg""}]",null,null,"KIA SORENTO AWD AUTOMATIC Blue car with 97617 miles. Please call CONCORD AUTO 1 for more information at (925) 825-1000.Auto, 6-Spd OD Sptmatc Included Hill Start Assist Control Included Traction Control Included Electronic Stability Control Included ABS (4-Wheel) Included Power Windows Included Power Door Locks Included Cruise Control Included Power Steering Included Tilt  && Telescoping Wheel Included AM/FM Stereo Included CD/MP3 (Single Disc) Included SiriusXM Satellite Included Bluetooth Wireless Included Dual Air Bags Included Side Air Bags Included F &&R Head Curtain Air Bags Included Keyless Entry Included Air Conditioning Included Air Conditioning, Rear Included UVO eServices Included Parking Sensors Included Backup Camera Included Heated Seats Included Dual Power Seats Included Leather Included Third Row Seat Included Alloy Wheels Included Blind-Spot Detection Included Keyless Start Included Roof Rack Included Rear Spoiler Included Fog Lights Included Values. Stock #2885",EX,,null,null,,,Inventory,http://concordauto1.com/inventory/
1655221846-15082,https://concordauto1.com/,"2010 HONDA CIVIC LX
                    
                        
                            
                                exterior:
                                Black
                                                    
                                interior:
                                GRAY
                                                    
                                engine:
                                L4, 1.8l;...
                                                    
                                stock #:
                                2900
                                                    
                                mileage:
                                100,576
                            
                        

                    
                $11,500",https://concordauto1.com/product/honda_civic_lx_0289/,2900,2010,HONDA,CIVIC,null,4,AUTOMATIC,"L4, 1.8L; SOHC 16V; VTEC",null,null,2HGFA1F55AH300289,"100,576",BLACK,GRAY,"11,500","[{""photo urls"":"""",""photo urls-src"":""https://aximages.s3.amazonaws.com/1906/2900/49822_1_2900-1_172528.jpg""},{""photo urls"":"""",""photo urls-src"":""https://aximages.s3.amazonaws.com/1906/2900/49822_1_2900-2_172528.jpg""},{""photo urls"":"""",""photo urls-src"":""https://aximages.s3.amazonaws.com/1906/2900/49822_1_2900-3_172529.jpg""},{""photo urls"":"""",""photo urls-src"":""https://aximages.s3.amazonaws.com/1906/2900/49822_1_2900-4_172529.jpg""},{""photo urls"":"""",""photo urls-src"":""https://aximages.s3.amazonaws.com/1906/2900/49822_1_2900-5_145510.jpg""},{""photo urls"":"""",""photo urls-src"":""https://aximages.s3.amazonaws.com/1906/2900/49822_1_2900-6_145510.jpg""},{""photo urls"":"""",""photo urls-src"":""https://aximages.s3.amazonaws.com/1906/2900/49822_1_2900-7_145510.jpg""},{""photo urls"":"""",""photo urls-src"":""https://aximages.s3.amazonaws.com/1906/2900/49822_1_2900-8_145510.jpg""},{""photo urls"":"""",""photo urls-src"":""https://aximages.s3.amazonaws.com/1906/2900/49822_1_2900-9_145510.jpg""},{""photo urls"":"""",""photo urls-src"":""https://aximages.s3.amazonaws.com/1906/2900/49822_1_2900-10_145510.jpg""},{""photo urls"":"""",""photo urls-src"":""https://aximages.s3.amazonaws.com/1906/2900/49822_1_2900-11_145510.jpg""},{""photo urls"":"""",""photo urls-src"":""https://aximages.s3.amazonaws.com/1906/2900/49822_1_2900-12_145510.jpg""},{""photo urls"":"""",""photo urls-src"":""https://aximages.s3.amazonaws.com/1906/2900/49822_1_2900-13_145510.jpg""},{""photo urls"":"""",""photo urls-src"":""https://aximages.s3.amazonaws.com/1906/2900/49822_1_2900-14_145510.jpg""},{""photo urls"":"""",""photo urls-src"":""https://aximages.s3.amazonaws.com/1906/2900/49822_1_2900-15_145510.jpg""},{""photo urls"":"""",""photo urls-src"":""https://aximages.s3.amazonaws.com/1906/2900/49822_1_2900-16_145510.jpg""},{""photo urls"":"""",""photo urls-src"":""https://aximages.s3.amazonaws.com/1906/2900/49822_1_2900-17_145510.jpg""},{""photo urls"":"""",""photo urls-src"":""https://aximages.s3.amazonaws.com/1906/2900/49822_1_2900-18_145511.jpg""},{""photo urls"":"""",""photo urls-src"":""https://aximages.s3.amazonaws.com/1906/2900/49822_1_2900-19_145511.jpg""},{""photo urls"":"""",""photo urls-src"":""https://aximages.s3.amazonaws.com/1906/2900/49822_1_2900-20_145511.jpg""}]",null,null,"2010 HONDA CIVIC 4 DOOR SEDAN AUTOMATIC car with 100576 miles. Please call CONCORD AUTO 1 for more information at (925) 825-1000.4-Cyl, VTEC, 1.8 Liter Included FWD Included Air Conditioning Included Power Steering Included Power Windows Included Power Door Locks Included Tilt  && Telescoping Wheel Included Cruise Control Included AM/FM Stereo Included CD/MP3 (Single Disc) Included Dual Air Bags Included Side Air Bags Included ABS (4-Wheel) Included Alloy Wheels Included Daytime Running Lights Included F &&R Head Curtain Air Bags Included Keyless Entry Included Anti-Theft System stock 2900",LX,,null,null,,,Inventory,http://concordauto1.com/inventory/
1655221872-15083,https://concordauto1.com/,"2008 HONDA CIVIC EX
                    
                        
                            
                                exterior:
                                Black
                                                    
                                interior:
                                GRAY
                                                    
                                engine:
                                L4, 1.8l;...
                                                    
                                stock #:
                                2893
                                                    
                                mileage:
                                58,084
                            
                        

                    
                $11,990",https://concordauto1.com/product/honda_civic_ex_3942/,2893,2008,HONDA,CIVIC,null,4,AUTO,"L4, 1.8L; SOHC 16V; VTEC",null,null,2HGFA16858H303942,"58,084",BLACK,GRAY,"11,990","[{""photo urls"":"""",""photo urls-src"":""https://aximages.s3.amazonaws.com/1906/2893/49822_1_2893-1_133653.jpg""},{""photo urls"":"""",""photo urls-src"":""https://aximages.s3.amazonaws.com/1906/2893/49822_1_2893-2_133657.jpg""},{""photo urls"":"""",""photo urls-src"":""https://aximages.s3.amazonaws.com/1906/2893/49822_1_2893-3_133657.jpg""},{""photo urls"":"""",""photo urls-src"":""https://aximages.s3.amazonaws.com/1906/2893/49822_1_2893-4_133658.jpg""},{""photo urls"":"""",""photo urls-src"":""https://aximages.s3.amazonaws.com/1906/2893/49822_1_2893-5_173811.jpg""},{""photo urls"":"""",""photo urls-src"":""https://aximages.s3.amazonaws.com/1906/2893/49822_1_2893-6_173811.jpg""},{""photo urls"":"""",""photo urls-src"":""https://aximages.s3.amazonaws.com/1906/2893/49822_1_2893-7_173811.jpg""},{""photo urls"":"""",""photo urls-src"":""https://aximages.s3.amazonaws.com/1906/2893/49822_1_2893-8_173811.jpg""},{""photo urls"":"""",""photo urls-src"":""https://aximages.s3.amazonaws.com/1906/2893/49822_1_2893-9_173811.jpg""},{""photo urls"":"""",""photo urls-src"":""https://aximages.s3.amazonaws.com/1906/2893/49822_1_2893-10_173811.jpg""},{""photo urls"":"""",""photo urls-src"":""https://aximages.s3.amazonaws.com/1906/2893/49822_1_2893-11_173811.jpg""},{""photo urls"":"""",""photo urls-src"":""https://aximages.s3.amazonaws.com/1906/2893/49822_1_2893-12_173811.jpg""},{""photo urls"":"""",""photo urls-src"":""https://aximages.s3.amazonaws.com/1906/2893/49822_1_2893-13_173811.jpg""},{""photo urls"":"""",""photo urls-src"":""https://aximages.s3.amazonaws.com/1906/2893/49822_1_2893-14_173811.jpg""},{""photo urls"":"""",""photo urls-src"":""https://aximages.s3.amazonaws.com/1906/2893/49822_1_2893-15_173811.jpg""},{""photo urls"":"""",""photo urls-src"":""https://aximages.s3.amazonaws.com/1906/2893/49822_1_2893-16_173811.jpg""},{""photo urls"":"""",""photo urls-src"":""https://aximages.s3.amazonaws.com/1906/2893/49822_1_2893-17_173811.jpg""},{""photo urls"":"""",""photo urls-src"":""https://aximages.s3.amazonaws.com/1906/2893/49822_1_2893-18_173811.jpg""},{""photo urls"":"""",""photo urls-src"":""https://aximages.s3.amazonaws.com/1906/2893/49822_1_2893-19_173811.jpg""},{""photo urls"":"""",""photo urls-src"":""https://aximages.s3.amazonaws.com/1906/2893/49822_1_2893-20_173811.jpg""},{""photo urls"":"""",""photo urls-src"":""https://aximages.s3.amazonaws.com/1906/2893/49822_1_2893-21_173811.jpg""}]",null,null,"HONDA CIVIC AUTO  LOW MILES  58084 miles. Please call CONCORD AUTO 1 for more information at (925) 825-1000.4-Cyl, VTEC, 1.8 Liter Included Automatic, 5-Spd w/Overdrive Included FWD Included Air Conditioning Included Power Steering Included Power Windows Included Power Door Locks Included Tilt Wheel Included Cruise Control Included AM/FM Stereo Included CD/MP3 (Single Disc) Included Dual Air Bags Included Side Air Bags Included ABS (4-Wheel) Included Moon Roof Included Alloy Wheels Included Keyless Entry Included F &&R Head Curtain Air Bags Included Daytime Running Lights Included STOCK 2893",EX,,null,null,,,Inventory,http://concordauto1.com/inventory/
1655221584-15072,https://concordauto1.com/,"2017 TOYOTA TACOMA SR
                    
                        
                            
                                exterior:
                                White
                                                    
                                interior:
                                GRAY
                                                    
                                engine:
                                L4, 2.7l
                                                    
                                stock #:
                                2901
                                                    
                                mileage:
                                118,530
                            
                        

                    
                $20,990",https://concordauto1.com/product/toyota_tacoma_sr_9776/,2901,2017,TOYOTA,TACOMA,null,4,AUTOMATIC,"L4, 2.7L",null,null,5TFRX5GN8HX079776,"118,530",WHITE,GRAY,"20,990","[{""photo urls"":"""",""photo urls-src"":""https://aximages.s3.amazonaws.com/1906/2901/49822_1_2901-1_173456.jpg""},{""photo urls"":"""",""photo urls-src"":""https://aximages.s3.amazonaws.com/1906/2901/49822_1_2901-2_173456.jpg""},{""photo urls"":"""",""photo urls-src"":""https://aximages.s3.amazonaws.com/1906/2901/49822_1_2901-3_173457.jpg""},{""photo urls"":"""",""photo urls-src"":""https://aximages.s3.amazonaws.com/1906/2901/49822_1_2901-4_173457.jpg""},{""photo urls"":"""",""photo urls-src"":""https://aximages.s3.amazonaws.com/1906/2901/49822_1_2901-5_173833.jpg""},{""photo urls"":"""",""photo urls-src"":""https://aximages.s3.amazonaws.com/1906/2901/49822_1_2901-6_173833.jpg""},{""photo urls"":"""",""photo urls-src"":""https://aximages.s3.amazonaws.com/1906/2901/49822_1_2901-7_173833.jpg""},{""photo urls"":"""",""photo urls-src"":""https://aximages.s3.amazonaws.com/1906/2901/49822_1_2901-8_173833.jpg""},{""photo urls"":"""",""photo urls-src"":""https://aximages.s3.amazonaws.com/1906/2901/49822_1_2901-9_173833.jpg""},{""photo urls"":"""",""photo urls-src"":""https://aximages.s3.amazonaws.com/1906/2901/49822_1_2901-10_173833.jpg""},{""photo urls"":"""",""photo urls-src"":""https://aximages.s3.amazonaws.com/1906/2901/49822_1_2901-11_173834.jpg""},{""photo urls"":"""",""photo urls-src"":""https://aximages.s3.amazonaws.com/1906/2901/49822_1_2901-12_173834.jpg""},{""photo urls"":"""",""photo urls-src"":""https://aximages.s3.amazonaws.com/1906/2901/49822_1_2901-13_173834.jpg""},{""photo urls"":"""",""photo urls-src"":""https://aximages.s3.amazonaws.com/1906/2901/49822_1_2901-14_173834.jpg""},{""photo urls"":"""",""photo urls-src"":""https://aximages.s3.amazonaws.com/1906/2901/49822_1_2901-15_173834.jpg""},{""photo urls"":"""",""photo urls-src"":""https://aximages.s3.amazonaws.com/1906/2901/49822_1_2901-16_173834.jpg""},{""photo urls"":"""",""photo urls-src"":""https://aximages.s3.amazonaws.com/1906/2901/49822_1_2901-17_173834.jpg""},{""photo urls"":"""",""photo urls-src"":""https://aximages.s3.amazonaws.com/1906/2901/49822_1_2901-18_173834.jpg""}]",null,null,"2017 TOYOTA TACOMA work truck   4 DOOR CAB; ACCESS CAB; LONG WHEELBASE AUTOMATIC car with 118530 miles. Please call CONCORD AUTO 1 for more information at (925) 825-1000.Automatic,CD/MP3 (Single Disc) Included Tailgate Spoiler Included White $43 ABS (4-Wheel) Included Air Conditioning Included AM/FM Stereo Included Security System Included Backup Camera Included Bluetooth Wireless Included Daytime Running Lights Included Dual Air Bags Included Entune Included F &&R Head Curtain Air Bags Included Hill Start Assist Control Included Knee Air Bags Included Power Door Locks Included Power Steering Included Power Windows Included Side Air Bags Included Sliding Rear Window Included Stability Control Included Tilt  && Telescoping Wheel Included Traction Control Included Steel Wheels Included Cruise Control Included Keyless Entry Includedstock 2901",SR,,null,null,2,https://concordauto1.com/inventory/page/2/,Inventory,http://concordauto1.com/inventory/
1655221977-15087,https://concordauto1.com/,"2013 ACURA RDX BASE
                    
                        
                            
                                exterior:
                                Black
                                                    
                                interior:
                                TAN
                                                    
                                engine:
                                V6, 3.5l
                                                    
                                stock #:
                                2846
                                                    
                                mileage:
                                75,812
                            
                        

                    
                $19,990",https://concordauto1.com/product/acura_rdx_base_0931/,2846,2013,ACURA,RDX,null,6,AUTOMATIC,"V6, 3.5L",null,null,5J8TB4H39DL020931,"75,812",BLACK,TAN,"19,990","[{""photo urls"":"""",""photo urls-src"":""https://aximages.s3.amazonaws.com/1906/2846/49822_1_2846-7_130545.jpg""},{""photo urls"":"""",""photo urls-src"":""https://aximages.s3.amazonaws.com/1906/2846/49822_1_2846-6_130545.jpg""},{""photo urls"":"""",""photo urls-src"":""https://aximages.s3.amazonaws.com/1906/2846/49822_1_2846-1_134216.jpg""},{""photo urls"":"""",""photo urls-src"":""https://aximages.s3.amazonaws.com/1906/2846/49822_1_2846-2_134217.jpg""},{""photo urls"":"""",""photo urls-src"":""https://aximages.s3.amazonaws.com/1906/2846/49822_1_2846-3_134218.jpg""},{""photo urls"":"""",""photo urls-src"":""https://aximages.s3.amazonaws.com/1906/2846/49822_1_2846-4_134218.jpg""},{""photo urls"":"""",""photo urls-src"":""https://aximages.s3.amazonaws.com/1906/2846/49822_1_2846-5_130545.jpg""},{""photo urls"":"""",""photo urls-src"":""https://aximages.s3.amazonaws.com/1906/2846/49822_1_2846-6_130545.jpg""},{""photo urls"":"""",""photo urls-src"":""https://aximages.s3.amazonaws.com/1906/2846/49822_1_2846-7_130545.jpg""},{""photo urls"":"""",""photo urls-src"":""https://aximages.s3.amazonaws.com/1906/2846/49822_1_2846-8_130546.jpg""},{""photo urls"":"""",""photo urls-src"":""https://aximages.s3.amazonaws.com/1906/2846/49822_1_2846-9_130648.jpg""},{""photo urls"":"""",""photo urls-src"":""https://aximages.s3.amazonaws.com/1906/2846/49822_1_2846-10_130648.jpg""},{""photo urls"":"""",""photo urls-src"":""https://aximages.s3.amazonaws.com/1906/2846/49822_1_2846-11_130648.jpg""},{""photo urls"":"""",""photo urls-src"":""https://aximages.s3.amazonaws.com/1906/2846/49822_1_2846-12_130648.jpg""},{""photo urls"":"""",""photo urls-src"":""https://aximages.s3.amazonaws.com/1906/2846/49822_1_2846-13_130648.jpg""},{""photo urls"":"""",""photo urls-src"":""https://aximages.s3.amazonaws.com/1906/2846/49822_1_2846-14_130648.jpg""},{""photo urls"":"""",""photo urls-src"":""https://aximages.s3.amazonaws.com/1906/2846/49822_1_2846-15_130648.jpg""},{""photo urls"":"""",""photo urls-src"":""https://aximages.s3.amazonaws.com/1906/2846/49822_1_2846-16_130648.jpg""},{""photo urls"":"""",""photo urls-src"":""https://aximages.s3.amazonaws.com/1906/2846/49822_1_2846-17_130648.jpg""},{""photo urls"":"""",""photo urls-src"":""https://aximages.s3.amazonaws.com/1906/2846/49822_1_2846-18_130649.jpg""},{""photo urls"":"""",""photo urls-src"":""https://aximages.s3.amazonaws.com/1906/2846/49822_1_2846-19_130649.jpg""},{""photo urls"":"""",""photo urls-src"":""https://aximages.s3.amazonaws.com/1906/2846/49822_1_2846-20_130649.jpg""},{""photo urls"":"""",""photo urls-src"":""https://aximages.s3.amazonaws.com/1906/2846/49822_1_2846-21_130649.jpg""}]",null,null,"ACURA RDX AWD AUTOMATIC V6, 3.5 Liter Included Auto, 6-Spd w/Sptshft Included AWD Included Traction Control Included Stability Control Included ABS (4-Wheel) Included Keyless Entry Included Keyless Start Included Air Conditioning Included Power Windows Included Power Door Locks Included Cruise Control Included Power Steering Included Tilt  && Telescoping Wheel Included AM/FM Stereo Included Dolby ProLogic Sound Included XM Satellite Included Navigation System Included Bluetooth Wireless Included Backup Camera Included Dual Air Bags Included Side Air Bags Included F &&R Head Curtain Air Bags Included Heated Seats Included Leather Included Moon Roof Included Daytime Running Lights Included Alloy Wheels Included Hill Start Assist Control Included CD/MP3 (Single Disc) Included HID Headlamps Included Power Seat Included Power Liftgate Release Included Black N/A Rear Spoiler Included Anti-Theft System Included STOCK 2846",BASE,,null,null,,,Inventory,http://concordauto1.com/inventory/
1655221768-15079,https://concordauto1.com/,"2011 LEXUS GX 460 BASE
                    
                        
                            
                                exterior:
                                Black
                                                    
                                interior:
                                GRAY
                                                    
                                engine:
                                V8, 4.6l
                                                    
                                stock #:
                                2817
                                                    
                                mileage:
                                110,768
                            
                        

                    
                $24,990",https://concordauto1.com/product/lexus_gx_460_base_2837/,2817,2011,LEXUS,GX,null,8,AUTOMATIC,"V8, 4.6L",null,null,JTJBM7FX2B5022837,"110,768",BLACK,GRAY,"24,990","[{""photo urls"":"""",""photo urls-src"":""https://aximages.s3.amazonaws.com/1906/2817/49822_1_2817-1_162416.jpg""},{""photo urls"":"""",""photo urls-src"":""https://aximages.s3.amazonaws.com/1906/2817/49822_1_2817-2_162416.jpg""},{""photo urls"":"""",""photo urls-src"":""https://aximages.s3.amazonaws.com/1906/2817/49822_1_2817-3_162416.jpg""},{""photo urls"":"""",""photo urls-src"":""https://aximages.s3.amazonaws.com/1906/2817/49822_1_2817-4_162506.jpg""},{""photo urls"":"""",""photo urls-src"":""https://aximages.s3.amazonaws.com/1906/2817/49822_1_2817-5_162506.jpg""},{""photo urls"":"""",""photo urls-src"":""https://aximages.s3.amazonaws.com/1906/2817/49822_1_2817-6_130946.jpg""},{""photo urls"":"""",""photo urls-src"":""https://aximages.s3.amazonaws.com/1906/2817/49822_1_2817-7_130946.jpg""},{""photo urls"":"""",""photo urls-src"":""https://aximages.s3.amazonaws.com/1906/2817/49822_1_2817-8_130946.jpg""},{""photo urls"":"""",""photo urls-src"":""https://aximages.s3.amazonaws.com/1906/2817/49822_1_2817-9_130946.jpg""},{""photo urls"":"""",""photo urls-src"":""https://aximages.s3.amazonaws.com/1906/2817/49822_1_2817-10_130946.jpg""},{""photo urls"":"""",""photo urls-src"":""https://aximages.s3.amazonaws.com/1906/2817/49822_1_2817-11_130947.jpg""},{""photo urls"":"""",""photo urls-src"":""https://aximages.s3.amazonaws.com/1906/2817/49822_1_2817-12_133608.jpg""},{""photo urls"":"""",""photo urls-src"":""https://aximages.s3.amazonaws.com/1906/2817/49822_1_2817-13_133608.jpg""},{""photo urls"":"""",""photo urls-src"":""https://aximages.s3.amazonaws.com/1906/2817/49822_1_2817-14_133608.jpg""},{""photo urls"":"""",""photo urls-src"":""https://aximages.s3.amazonaws.com/1906/2817/49822_1_2817-15_133609.jpg""},{""photo urls"":"""",""photo urls-src"":""https://aximages.s3.amazonaws.com/1906/2817/49822_1_2817-16_133609.jpg""},{""photo urls"":"""",""photo urls-src"":""https://aximages.s3.amazonaws.com/1906/2817/49822_1_2817-17_133609.jpg""},{""photo urls"":"""",""photo urls-src"":""https://aximages.s3.amazonaws.com/1906/2817/49822_1_2817-18_133609.jpg""},{""photo urls"":"""",""photo urls-src"":""https://aximages.s3.amazonaws.com/1906/2817/49822_1_2817-19_133609.jpg""},{""photo urls"":"""",""photo urls-src"":""https://aximages.s3.amazonaws.com/1906/2817/49822_1_2817-20_133609.jpg""},{""photo urls"":"""",""photo urls-src"":""https://aximages.s3.amazonaws.com/1906/2817/49822_1_2817-21_133609.jpg""},{""photo urls"":"""",""photo urls-src"":""https://aximages.s3.amazonaws.com/1906/2817/49822_1_2817-22_133609.jpg""}]",null,null,"LEXUS GX 460 4 DOOR WAGON AUTOMATIC   BLACK car with 110768 miles. Please call CONCORD AUTO 1 for more information at (925) 825-1000.ABS (4-Wheel) Included Air Conditioning Included Air Conditioning, Rear Included Alloy Wheels Included AM/FM Stereo Included Automatic, 6-Spd w/Overdrive Included Backup Camera Included CD/MP3 (Multi Disc) Included Cruise Control Included Daytime Running Lights Included Dual Air Bags Included Dual Power Seats Included Dynamic Suspension Included F &&R Head Curtain Air Bags Included Heated Seats Included Hill Descent Control Included Hill Start Assist Control Included Keyless Entry Included Keyless Start Included Leather Included Moon Roof Included Navigation System Included Parking Sensors Included Power Door Locks Included Power Steering Included Power Third Row Included Power Windows Included Premium Sound Included Running Boards Included XM Satellite Included Side Air Bags Included Stability Control Included Safety Connect Included Tilt  && Telescoping Wheel Included Towing Pkg Included A-TRAC Included Bluetooth Wireless Included Cooled Seats Included Fog Lights Included Knee Air Bags Included Anti-Theft System Included Val. Stock #2817",BASE,,null,null,,,Inventory,http://concordauto1.com/inventory/
1655221924-15085,https://concordauto1.com/,"2012 HONDA ACCORD SE
                    
                        
                            
                                exterior:
                                Greay
                                                    
                                interior:
                                BLACK
                                                    
                                engine:
                                L4, 2.4l
                                                    
                                stock #:
                                2881
                                                    
                                mileage:
                                69,315
                            
                        

                    
                $16,880",https://concordauto1.com/product/honda_accord_se_5408/,2881,2012,HONDA,ACCORD,null,4,AUTOMATIC,"L4, 2.4L",null,null,1HGCP2F66CA195408,"69,315",GREAY,BLACK,"16,880","[{""photo urls"":"""",""photo urls-src"":""https://aximages.s3.amazonaws.com/1906/2881/49822_1_2881-1_175710.jpg""},{""photo urls"":"""",""photo urls-src"":""https://aximages.s3.amazonaws.com/1906/2881/49822_1_2881-2_175710.jpg""},{""photo urls"":"""",""photo urls-src"":""https://aximages.s3.amazonaws.com/1906/2881/49822_1_2881-3_175710.jpg""},{""photo urls"":"""",""photo urls-src"":""https://aximages.s3.amazonaws.com/1906/2881/49822_1_2881-4_175711.jpg""},{""photo urls"":"""",""photo urls-src"":""https://aximages.s3.amazonaws.com/1906/2881/49822_1_2881-5_175711.jpg""},{""photo urls"":"""",""photo urls-src"":""https://aximages.s3.amazonaws.com/1906/2881/49822_1_2881-6_175711.jpg""},{""photo urls"":"""",""photo urls-src"":""https://aximages.s3.amazonaws.com/1906/2881/49822_1_2881-7_175712.jpg""},{""photo urls"":"""",""photo urls-src"":""https://aximages.s3.amazonaws.com/1906/2881/49822_1_2881-8_175712.jpg""},{""photo urls"":"""",""photo urls-src"":""https://aximages.s3.amazonaws.com/1906/2881/49822_1_2881-9_175712.jpg""},{""photo urls"":"""",""photo urls-src"":""https://aximages.s3.amazonaws.com/1906/2881/49822_1_2881-10_175713.jpg""},{""photo urls"":"""",""photo urls-src"":""https://aximages.s3.amazonaws.com/1906/2881/49822_1_2881-11_175713.jpg""},{""photo urls"":"""",""photo urls-src"":""https://aximages.s3.amazonaws.com/1906/2881/49822_1_2881-12_175713.jpg""},{""photo urls"":"""",""photo urls-src"":""https://aximages.s3.amazonaws.com/1906/2881/49822_1_2881-13_175714.jpg""},{""photo urls"":"""",""photo urls-src"":""https://aximages.s3.amazonaws.com/1906/2881/49822_1_2881-14_175714.jpg""},{""photo urls"":"""",""photo urls-src"":""https://aximages.s3.amazonaws.com/1906/2881/49822_1_2881-15_175730.jpg""},{""photo urls"":"""",""photo urls-src"":""https://aximages.s3.amazonaws.com/1906/2881/49822_1_2881-16_175730.jpg""},{""photo urls"":"""",""photo urls-src"":""https://aximages.s3.amazonaws.com/1906/2881/49822_1_2881-17_175731.jpg""},{""photo urls"":"""",""photo urls-src"":""https://aximages.s3.amazonaws.com/1906/2881/49822_1_2881-18_175731.jpg""}]",null,null,HONDA ACCORD 4 DOOR SEDAN AUTOMATIC car with 69315 miles. Please call CONCORD AUTO 1 for more information at (925) 825-1000.FWD Included Steel Wheels Included CD/MP3 (Single Disc) Included Traction Control Included Stability Control Included ABS (4-Wheel) Included Keyless Entry Included Air Conditioning Included Power Windows Included Power Door Locks Included Cruise Control Included Power Steering Included Tilt  && Telescoping Wheel Included AM/FM Stereo Included Dual Air Bags Included Side Air Bags Included F &&R Head Curtain Air Bags Included Heated Seats Included Power Seat Included Leather Included Daytime Running Lights Included Anti-Theft System Included stock 2881,SE,,null,null,,,Inventory,http://concordauto1.com/inventory/
1655221557-15071,https://concordauto1.com/,"2018 TOYOTA TACOMA SR
                    
                        
                            
                                exterior:
                                White
                                                    
                                interior:
                                GRAY
                                                    
                                engine:
                                L4, 2.7l
                                                    
                                stock #:
                                2887
                                                    
                                mileage:
                                97,512
                            
                        

                    
                $23,880",https://concordauto1.com/product/toyota_tacoma_sr_5440/,2887,2018,TOYOTA,TACOMA,null,4,AUTOMATIC,"L4, 2.7L",null,null,5TFRX5GN0JX105440,"97,512",WHITE,GRAY,"23,880","[{""photo urls"":"""",""photo urls-src"":""https://aximages.s3.amazonaws.com/1906/2887/49822_1_2887-1_172026.jpg""},{""photo urls"":"""",""photo urls-src"":""https://aximages.s3.amazonaws.com/1906/2887/49822_1_2887-2_172027.jpg""},{""photo urls"":"""",""photo urls-src"":""https://aximages.s3.amazonaws.com/1906/2887/49822_1_2887-3_172027.jpg""},{""photo urls"":"""",""photo urls-src"":""https://aximages.s3.amazonaws.com/1906/2887/49822_1_2887-4_172027.jpg""},{""photo urls"":"""",""photo urls-src"":""https://aximages.s3.amazonaws.com/1906/2887/49822_1_2887-5_170645.jpg""},{""photo urls"":"""",""photo urls-src"":""https://aximages.s3.amazonaws.com/1906/2887/49822_1_2887-6_170645.jpg""},{""photo urls"":"""",""photo urls-src"":""https://aximages.s3.amazonaws.com/1906/2887/49822_1_2887-7_170645.jpg""},{""photo urls"":"""",""photo urls-src"":""https://aximages.s3.amazonaws.com/1906/2887/49822_1_2887-8_170645.jpg""},{""photo urls"":"""",""photo urls-src"":""https://aximages.s3.amazonaws.com/1906/2887/49822_1_2887-9_170646.jpg""},{""photo urls"":"""",""photo urls-src"":""https://aximages.s3.amazonaws.com/1906/2887/49822_1_2887-10_170646.jpg""},{""photo urls"":"""",""photo urls-src"":""https://aximages.s3.amazonaws.com/1906/2887/49822_1_2887-11_170646.jpg""},{""photo urls"":"""",""photo urls-src"":""https://aximages.s3.amazonaws.com/1906/2887/49822_1_2887-12_170646.jpg""},{""photo urls"":"""",""photo urls-src"":""https://aximages.s3.amazonaws.com/1906/2887/49822_1_2887-13_170646.jpg""},{""photo urls"":"""",""photo urls-src"":""https://aximages.s3.amazonaws.com/1906/2887/49822_1_2887-14_170646.jpg""},{""photo urls"":"""",""photo urls-src"":""https://aximages.s3.amazonaws.com/1906/2887/49822_1_2887-15_170646.jpg""},{""photo urls"":"""",""photo urls-src"":""https://aximages.s3.amazonaws.com/1906/2887/49822_1_2887-16_170646.jpg""},{""photo urls"":"""",""photo urls-src"":""https://aximages.s3.amazonaws.com/1906/2887/49822_1_2887-17_170646.jpg""},{""photo urls"":"""",""photo urls-src"":""https://aximages.s3.amazonaws.com/1906/2887/49822_1_2887-18_170646.jpg""},{""photo urls"":"""",""photo urls-src"":""https://aximages.s3.amazonaws.com/1906/2887/49822_1_2887-19_170646.jpg""},{""photo urls"":"""",""photo urls-src"":""https://aximages.s3.amazonaws.com/1906/2887/49822_1_2887-20_170646.jpg""},{""photo urls"":"""",""photo urls-src"":""https://aximages.s3.amazonaws.com/1906/2887/49822_1_2887-21_170646.jpg""}]",null,null,"TOYOTA TACOMA WORK TRUCK CAB; ACCESS CAB; LONG WHEELBASE AUTOMATIC car with 97512 miles. Please call CONCORD AUTO 1 for more information at (925) 825-1000.Automatic, ABS (4-Wheel) Included Air Conditioning Included AM/FM Stereo Included Security System Included Included Bluetooth Wireless Included CD/MP3 (Single Disc) Included Daytime Running Lights Included Dual Air Bags Included Entune Included F &&R Head Curtain Air Bags Included Hill Start Assist Control Included Knee Air Bags Included Lane Departure Warning System Included Power Door Locks Included Power Steering Included Power Windows Included Tailgate Spoiler Included Side Air Bags Included Stability Control Included Steel Wheels Included Tilt  && Telescoping Wheel Included Traction Control Included White $63 Keyless Entry Included Dynamic Radar Cruise Control Included STOCK 2887",SR,,null,null,2,https://concordauto1.com/inventory/page/2/,Inventory,http://concordauto1.com/inventory/
1655221637-15074,https://concordauto1.com/,"2011 TOYOTA SIENNA XLE
                    
                        
                            
                                exterior:
                                Silver
                                                    
                                interior:
                                GRAY
                                                    
                                engine:
                                V6, 3.5l
                                                    
                                stock #:
                                2898
                                                    
                                mileage:
                                102,793
                            
                        

                    
                $19,990",https://concordauto1.com/product/toyota_sienna_xle_6788/,2898,2011,TOYOTA,SIENNA,null,6,AUTOMATIC,"V6, 3.5L",null,null,5TDYK3DC5BS026788,"102,793",SILVER,GRAY,"19,990","[{""photo urls"":"""",""photo urls-src"":""https://aximages.s3.amazonaws.com/1906/2898/49822_1_2898-1_131443.jpg""},{""photo urls"":"""",""photo urls-src"":""https://aximages.s3.amazonaws.com/1906/2898/49822_1_2898-2_131444.jpg""},{""photo urls"":"""",""photo urls-src"":""https://aximages.s3.amazonaws.com/1906/2898/49822_1_2898-3_131444.jpg""},{""photo urls"":"""",""photo urls-src"":""https://aximages.s3.amazonaws.com/1906/2898/49822_1_2898-4_131444.jpg""},{""photo urls"":"""",""photo urls-src"":""https://aximages.s3.amazonaws.com/1906/2898/49822_1_2898-5_145822.jpg""},{""photo urls"":"""",""photo urls-src"":""https://aximages.s3.amazonaws.com/1906/2898/49822_1_2898-6_145824.jpg""},{""photo urls"":"""",""photo urls-src"":""https://aximages.s3.amazonaws.com/1906/2898/49822_1_2898-7_145824.jpg""},{""photo urls"":"""",""photo urls-src"":""https://aximages.s3.amazonaws.com/1906/2898/49822_1_2898-8_145824.jpg""},{""photo urls"":"""",""photo urls-src"":""https://aximages.s3.amazonaws.com/1906/2898/49822_1_2898-9_145824.jpg""},{""photo urls"":"""",""photo urls-src"":""https://aximages.s3.amazonaws.com/1906/2898/49822_1_2898-10_145825.jpg""},{""photo urls"":"""",""photo urls-src"":""https://aximages.s3.amazonaws.com/1906/2898/49822_1_2898-11_145826.jpg""},{""photo urls"":"""",""photo urls-src"":""https://aximages.s3.amazonaws.com/1906/2898/49822_1_2898-12_145826.jpg""},{""photo urls"":"""",""photo urls-src"":""https://aximages.s3.amazonaws.com/1906/2898/49822_1_2898-13_145826.jpg""},{""photo urls"":"""",""photo urls-src"":""https://aximages.s3.amazonaws.com/1906/2898/49822_1_2898-14_145827.jpg""},{""photo urls"":"""",""photo urls-src"":""https://aximages.s3.amazonaws.com/1906/2898/49822_1_2898-15_145827.jpg""},{""photo urls"":"""",""photo urls-src"":""https://aximages.s3.amazonaws.com/1906/2898/49822_1_2898-16_145827.jpg""},{""photo urls"":"""",""photo urls-src"":""https://aximages.s3.amazonaws.com/1906/2898/49822_1_2898-17_145827.jpg""},{""photo urls"":"""",""photo urls-src"":""https://aximages.s3.amazonaws.com/1906/2898/49822_1_2898-18_145828.jpg""},{""photo urls"":"""",""photo urls-src"":""https://aximages.s3.amazonaws.com/1906/2898/49822_1_2898-19_145828.jpg""},{""photo urls"":"""",""photo urls-src"":""https://aximages.s3.amazonaws.com/1906/2898/49822_1_2898-20_145828.jpg""},{""photo urls"":"""",""photo urls-src"":""https://aximages.s3.amazonaws.com/1906/2898/49822_1_2898-21_145829.jpg""},{""photo urls"":"""",""photo urls-src"":""https://aximages.s3.amazonaws.com/1906/2898/49822_1_2898-22_145829.jpg""},{""photo urls"":"""",""photo urls-src"":""https://aximages.s3.amazonaws.com/1906/2898/49822_1_2898-23_145830.jpg""},{""photo urls"":"""",""photo urls-src"":""https://aximages.s3.amazonaws.com/1906/2898/49822_1_2898-24_145830.jpg""},{""photo urls"":"""",""photo urls-src"":""https://aximages.s3.amazonaws.com/1906/2898/49822_1_2898-25_145831.jpg""}]",null,null,"TOYOTA SIENNA 4 DOOR VAN; PASSENGER AUTOMATIC , SILVER .car with 102793 miles. Please call CONCORD AUTO 1 for more information at (925) 825-1000.ABS (4-Wheel) Included Air Conditioning Included Air Conditioning, Rear Included AM/FM Stereo Included Backup Camera Included Bluetooth Wireless Included CD/MP3 (Single Disc) Included Cruise Control Included Daytime Running Lights Included Dual Air Bags Included F &&R Head Curtain Air Bags Included Heated Seats Included Keyless Entry Included Leather Included Moon Roof Included Power Door Locks Included Power Seat Included Power Sliding Doors Included Power Steering Included Power Windows Included XM Satellite Included Side Air Bags Included Stability Control Included Tilt  && Telescoping Wheel Included Traction Control Included Automatic, 6-Spd w/Overdrive Included Silver N/A Fog Lights Included Anti-Theft System Included Knee Air Bags Included. Stock # 2898",XLE,,null,null,2,https://concordauto1.com/inventory/page/2/,Inventory,http://concordauto1.com/inventory/
1655221663-15075,https://concordauto1.com/,"2010 TOYOTA PRIUS FOUR
                    
                        
                            
                                exterior:
                                Red
                                                    
                                interior:
                                GRAY
                                                    
                                engine:
                                L4, 1.8l
                                                    
                                stock #:
                                2902
                                                    
                                mileage:
                                72,295
                            
                        

                    
                $16,500",https://concordauto1.com/product/toyota_prius_four_3560/,2902,2010,TOYOTA,PRIUS,null,4,AUTOMATIC,"L4, 1.8L",null,null,JTDKN3DU0A1303560,"72,295",RED,GRAY,"16,500","[{""photo urls"":"""",""photo urls-src"":""https://aximages.s3.amazonaws.com/1906/2902/49822_1_2902-7_173852.jpg""},{""photo urls"":"""",""photo urls-src"":""https://aximages.s3.amazonaws.com/1906/2902/49822_1_2902-6_173852.jpg""},{""photo urls"":"""",""photo urls-src"":""https://aximages.s3.amazonaws.com/1906/2902/49822_1_2902-1_175537.jpg""},{""photo urls"":"""",""photo urls-src"":""https://aximages.s3.amazonaws.com/1906/2902/49822_1_2902-2_175537.jpg""},{""photo urls"":"""",""photo urls-src"":""https://aximages.s3.amazonaws.com/1906/2902/49822_1_2902-3_175537.jpg""},{""photo urls"":"""",""photo urls-src"":""https://aximages.s3.amazonaws.com/1906/2902/49822_1_2902-4_175537.jpg""},{""photo urls"":"""",""photo urls-src"":""https://aximages.s3.amazonaws.com/1906/2902/49822_1_2902-5_173852.jpg""},{""photo urls"":"""",""photo urls-src"":""https://aximages.s3.amazonaws.com/1906/2902/49822_1_2902-6_173852.jpg""},{""photo urls"":"""",""photo urls-src"":""https://aximages.s3.amazonaws.com/1906/2902/49822_1_2902-7_173852.jpg""},{""photo urls"":"""",""photo urls-src"":""https://aximages.s3.amazonaws.com/1906/2902/49822_1_2902-8_173852.jpg""},{""photo urls"":"""",""photo urls-src"":""https://aximages.s3.amazonaws.com/1906/2902/49822_1_2902-9_173852.jpg""},{""photo urls"":"""",""photo urls-src"":""https://aximages.s3.amazonaws.com/1906/2902/49822_1_2902-10_173852.jpg""},{""photo urls"":"""",""photo urls-src"":""https://aximages.s3.amazonaws.com/1906/2902/49822_1_2902-11_173853.jpg""},{""photo urls"":"""",""photo urls-src"":""https://aximages.s3.amazonaws.com/1906/2902/49822_1_2902-12_173853.jpg""},{""photo urls"":"""",""photo urls-src"":""https://aximages.s3.amazonaws.com/1906/2902/49822_1_2902-13_173853.jpg""},{""photo urls"":"""",""photo urls-src"":""https://aximages.s3.amazonaws.com/1906/2902/49822_1_2902-14_173853.jpg""},{""photo urls"":"""",""photo urls-src"":""https://aximages.s3.amazonaws.com/1906/2902/49822_1_2902-15_173853.jpg""},{""photo urls"":"""",""photo urls-src"":""https://aximages.s3.amazonaws.com/1906/2902/49822_1_2902-16_173853.jpg""},{""photo urls"":"""",""photo urls-src"":""https://aximages.s3.amazonaws.com/1906/2902/49822_1_2902-17_173853.jpg""},{""photo urls"":"""",""photo urls-src"":""https://aximages.s3.amazonaws.com/1906/2902/49822_1_2902-18_173853.jpg""},{""photo urls"":"""",""photo urls-src"":""https://aximages.s3.amazonaws.com/1906/2902/49822_1_2902-19_173853.jpg""},{""photo urls"":"""",""photo urls-src"":""https://aximages.s3.amazonaws.com/1906/2902/49822_1_2902-20_173853.jpg""}]",null,null,"TOYOTA PRIUS solar sunroof car with 72295 miles. Please call CONCORD AUTO 1 for more information at (925) 825-1000.Power Windows Included Leather Included Alloy Wheels Included CD/MP3 (Multi Disc) Included Cruise Control Included Dual Air Bags Included Rear Spoiler Included Air Conditioning Included ABS (4-Wheel) Included Navigation System Included AM/FM Stereo Included Moon Roof $25 Side Air Bags Included Bluetooth Wireless Included Stability Control Included Power Steering Included Power Door Locks Included Tilt  && Telescoping Wheel Included JBL Premium Sound Included Traction Control Included Automatic, CVT Included FWD Included Safety Connect Included XM Satellite Included Backup Camera Included Keyless Entry Included Keyless Start Included Heated Seats Included F &&R Head Curtain Air Bags Included Solar Roof Pkg $97 Anti-Theft System Included stock 2902",FOUR,,null,null,2,https://concordauto1.com/inventory/page/2/,Inventory,http://concordauto1.com/inventory/
1655221741-15078,https://concordauto1.com/,"2007 TOYOTA CAMRY LE
                    
                        
                            
                                exterior:
                                Red
                                                    
                                interior:
                                TAN
                                                    
                                engine:
                                L4, 2.4l;...
                                                    
                                stock #:
                                2883
                                                    
                                mileage:
                                135,890
                            
                        

                    
                $9,500",https://concordauto1.com/product/toyota_camry_le_6105/,2883,2007,TOYOTA,CAMRY,null,4,AUTOMATIC,"L4, 2.4L; DOHC",null,null,4T1BE46KX7U046105,"135,890",RED,TAN,"9,500","[{""photo urls"":"""",""photo urls-src"":""https://aximages.s3.amazonaws.com/1906/2883/49822_1_2883-1_120229.jpg""},{""photo urls"":"""",""photo urls-src"":""https://aximages.s3.amazonaws.com/1906/2883/49822_1_2883-2_120230.jpg""},{""photo urls"":"""",""photo urls-src"":""https://aximages.s3.amazonaws.com/1906/2883/49822_1_2883-3_120230.jpg""},{""photo urls"":"""",""photo urls-src"":""https://aximages.s3.amazonaws.com/1906/2883/49822_1_2883-4_120230.jpg""},{""photo urls"":"""",""photo urls-src"":""https://aximages.s3.amazonaws.com/1906/2883/49822_1_2883-5_161539.jpg""},{""photo urls"":"""",""photo urls-src"":""https://aximages.s3.amazonaws.com/1906/2883/49822_1_2883-6_161540.jpg""},{""photo urls"":"""",""photo urls-src"":""https://aximages.s3.amazonaws.com/1906/2883/49822_1_2883-7_161540.jpg""},{""photo urls"":"""",""photo urls-src"":""https://aximages.s3.amazonaws.com/1906/2883/49822_1_2883-8_161540.jpg""},{""photo urls"":"""",""photo urls-src"":""https://aximages.s3.amazonaws.com/1906/2883/49822_1_2883-9_161540.jpg""},{""photo urls"":"""",""photo urls-src"":""https://aximages.s3.amazonaws.com/1906/2883/49822_1_2883-10_161540.jpg""},{""photo urls"":"""",""photo urls-src"":""https://aximages.s3.amazonaws.com/1906/2883/49822_1_2883-11_161540.jpg""},{""photo urls"":"""",""photo urls-src"":""https://aximages.s3.amazonaws.com/1906/2883/49822_1_2883-12_161540.jpg""},{""photo urls"":"""",""photo urls-src"":""https://aximages.s3.amazonaws.com/1906/2883/49822_1_2883-13_161540.jpg""},{""photo urls"":"""",""photo urls-src"":""https://aximages.s3.amazonaws.com/1906/2883/49822_1_2883-14_161540.jpg""},{""photo urls"":"""",""photo urls-src"":""https://aximages.s3.amazonaws.com/1906/2883/49822_1_2883-15_161540.jpg""},{""photo urls"":"""",""photo urls-src"":""https://aximages.s3.amazonaws.com/1906/2883/49822_1_2883-16_161540.jpg""},{""photo urls"":"""",""photo urls-src"":""https://aximages.s3.amazonaws.com/1906/2883/49822_1_2883-17_161541.jpg""},{""photo urls"":"""",""photo urls-src"":""https://aximages.s3.amazonaws.com/1906/2883/49822_1_2883-18_161541.jpg""},{""photo urls"":"""",""photo urls-src"":""https://aximages.s3.amazonaws.com/1906/2883/49822_1_2883-19_161541.jpg""},{""photo urls"":"""",""photo urls-src"":""https://aximages.s3.amazonaws.com/1906/2883/49822_1_2883-20_161541.jpg""},{""photo urls"":"""",""photo urls-src"":""https://aximages.s3.amazonaws.com/1906/2883/49822_1_2883-21_161541.jpg""}]",null,null,TOYOTA CAMRY 4 DOOR SEDAN AUTOMATIC   Red car with 135890 miles. Please call CONCORD AUTO 1 for more information at (925) 825-1000.Automatic Included FWD Included Air Conditioning Included Power Steering Included Power Windows Included Power Door Locks Included Tilt Wheel Included Cruise Control Included AM/FM Stereo Included Cassette Included CD/MP3 (Single Disc) Included Side Air Bags Included ABS (4-Wheel) Included Power Seat Included Bluetooth Wireless Included Dual Air Bags Included Steel Wheels Included .Stock # 2883,LE,,null,null,,,Inventory,http://concordauto1.com/inventory/
1655221689-15076,https://concordauto1.com/,"2009 TOYOTA COROLLA LE
                    
                        
                            
                                exterior:
                                White
                                                    
                                interior:
                                TAN
                                                    
                                engine:
                                L4, 1.8l;...
                                                    
                                stock #:
                                2896
                                                    
                                mileage:
                                113,774
                            
                        

                    
                $11,990",https://concordauto1.com/product/toyota_corolla_le_1604/,2896,2009,TOYOTA,COROLLA,null,4,AUTOMATIC,"L4, 1.8L; DOHC 16V; VVT-I",null,null,JTDBL40E799091604,"113,774",WHITE,TAN,"11,990","[{""photo urls"":"""",""photo urls-src"":""https://aximages.s3.amazonaws.com/1906/2896/49822_1_2896-1_125048.jpg""},{""photo urls"":"""",""photo urls-src"":""https://aximages.s3.amazonaws.com/1906/2896/49822_1_2896-2_125048.jpg""},{""photo urls"":"""",""photo urls-src"":""https://aximages.s3.amazonaws.com/1906/2896/49822_1_2896-3_125048.jpg""},{""photo urls"":"""",""photo urls-src"":""https://aximages.s3.amazonaws.com/1906/2896/49822_1_2896-4_125048.jpg""},{""photo urls"":"""",""photo urls-src"":""https://aximages.s3.amazonaws.com/1906/2896/49822_1_2896-5_134801.jpg""},{""photo urls"":"""",""photo urls-src"":""https://aximages.s3.amazonaws.com/1906/2896/49822_1_2896-6_134801.jpg""},{""photo urls"":"""",""photo urls-src"":""https://aximages.s3.amazonaws.com/1906/2896/49822_1_2896-7_134801.jpg""},{""photo urls"":"""",""photo urls-src"":""https://aximages.s3.amazonaws.com/1906/2896/49822_1_2896-8_134802.jpg""},{""photo urls"":"""",""photo urls-src"":""https://aximages.s3.amazonaws.com/1906/2896/49822_1_2896-9_134802.jpg""},{""photo urls"":"""",""photo urls-src"":""https://aximages.s3.amazonaws.com/1906/2896/49822_1_2896-10_134802.jpg""},{""photo urls"":"""",""photo urls-src"":""https://aximages.s3.amazonaws.com/1906/2896/49822_1_2896-11_134802.jpg""},{""photo urls"":"""",""photo urls-src"":""https://aximages.s3.amazonaws.com/1906/2896/49822_1_2896-12_134802.jpg""},{""photo urls"":"""",""photo urls-src"":""https://aximages.s3.amazonaws.com/1906/2896/49822_1_2896-13_134802.jpg""},{""photo urls"":"""",""photo urls-src"":""https://aximages.s3.amazonaws.com/1906/2896/49822_1_2896-14_134802.jpg""},{""photo urls"":"""",""photo urls-src"":""https://aximages.s3.amazonaws.com/1906/2896/49822_1_2896-15_134802.jpg""},{""photo urls"":"""",""photo urls-src"":""https://aximages.s3.amazonaws.com/1906/2896/49822_1_2896-16_134802.jpg""},{""photo urls"":"""",""photo urls-src"":""https://aximages.s3.amazonaws.com/1906/2896/49822_1_2896-17_134802.jpg""},{""photo urls"":"""",""photo urls-src"":""https://aximages.s3.amazonaws.com/1906/2896/49822_1_2896-18_134803.jpg""},{""photo urls"":"""",""photo urls-src"":""https://aximages.s3.amazonaws.com/1906/2896/49822_1_2896-19_135332.jpg""},{""photo urls"":"""",""photo urls-src"":""https://aximages.s3.amazonaws.com/1906/2896/49822_1_2896-20_135332.jpg""}]",null,null,"TOYOTA COROLLA 4 DOOR SEDAN AUTOMATIC White ,car with 113774 miles. Please call CONCORD AUTO 1 for more information at (925) 825-1000.Automatic, 4-Spd w/Overdrive Included FWD Included Stability Control Included Air Conditioning Included Power Steering Included Power Windows Included Power Door Locks Included Tilt Wheel Included Cruise Control Included AM/FM Stereo Included CD/MP3 (Multi Disc) Included Dual Air Bags Included Side Air Bags Included ABS (4-Wheel) Included Alloy Wheels Included Traction Control Included Keyless Entry Included Head Curtain Air Bags Included Daytime Running Lights Included White N/A Anti-Theft System Included . Stock # 2896",LE,,null,null,,,Inventory,http://concordauto1.com/inventory/
1655221898-15084,https://concordauto1.com/,"2007 HONDA ACCORD SE
                    
                        
                            
                                exterior:
                                Greay
                                                    
                                interior:
                                TAN
                                                    
                                engine:
                                L4, 2.4l
                                                    
                                stock #:
                                2862
                                                    
                                mileage:
                                80,551
                            
                        

                    
                $9,990",https://concordauto1.com/product/honda_accord_se_4141/,2862,2007,HONDA,ACCORD,null,4,AUTOMATIC,"L4, 2.4L",null,null,JHMCM563X7C014141,"80,551",GREAY,TAN,"9,990","[{""photo urls"":"""",""photo urls-src"":""https://aximages.s3.amazonaws.com/1906/2862/49822_1_2862-1_094142.jpg""},{""photo urls"":"""",""photo urls-src"":""https://aximages.s3.amazonaws.com/1906/2862/49822_1_2862-2_094143.jpg""},{""photo urls"":"""",""photo urls-src"":""https://aximages.s3.amazonaws.com/1906/2862/49822_1_2862-3_094144.jpg""},{""photo urls"":"""",""photo urls-src"":""https://aximages.s3.amazonaws.com/1906/2862/49822_1_2862-4_094144.jpg""},{""photo urls"":"""",""photo urls-src"":""https://aximages.s3.amazonaws.com/1906/2862/49822_1_2862-5_152626.jpg""},{""photo urls"":"""",""photo urls-src"":""https://aximages.s3.amazonaws.com/1906/2862/49822_1_2862-6_152626.jpg""},{""photo urls"":"""",""photo urls-src"":""https://aximages.s3.amazonaws.com/1906/2862/49822_1_2862-7_152627.jpg""},{""photo urls"":"""",""photo urls-src"":""https://aximages.s3.amazonaws.com/1906/2862/49822_1_2862-8_152627.jpg""},{""photo urls"":"""",""photo urls-src"":""https://aximages.s3.amazonaws.com/1906/2862/49822_1_2862-9_152627.jpg""},{""photo urls"":"""",""photo urls-src"":""https://aximages.s3.amazonaws.com/1906/2862/49822_1_2862-10_152628.jpg""},{""photo urls"":"""",""photo urls-src"":""https://aximages.s3.amazonaws.com/1906/2862/49822_1_2862-11_152628.jpg""},{""photo urls"":"""",""photo urls-src"":""https://aximages.s3.amazonaws.com/1906/2862/49822_1_2862-12_152628.jpg""},{""photo urls"":"""",""photo urls-src"":""https://aximages.s3.amazonaws.com/1906/2862/49822_1_2862-13_152629.jpg""},{""photo urls"":"""",""photo urls-src"":""https://aximages.s3.amazonaws.com/1906/2862/49822_1_2862-14_152629.jpg""},{""photo urls"":"""",""photo urls-src"":""https://aximages.s3.amazonaws.com/1906/2862/49822_1_2862-15_152629.jpg""},{""photo urls"":"""",""photo urls-src"":""https://aximages.s3.amazonaws.com/1906/2862/49822_1_2862-16_152630.jpg""},{""photo urls"":"""",""photo urls-src"":""https://aximages.s3.amazonaws.com/1906/2862/49822_1_2862-17_152630.jpg""}]",null,null,HONDA ACCORD 4 DOOR SEDAN AUTOMATIC car with 80551 miles. Please call CONCORD AUTO 1 for more information at (925) 825-1000.FWD Included Air Conditioning Included Power Steering Included Power Windows Included Power Door Locks Included Tilt Wheel Included Cruise Control Included AM/FM Stereo Included Cassette Included CD/MP3 (Multi Disc) Included Dual Air Bags Included Side Air Bags Included ABS (4-Wheel) Included Alloy Wheels Included stock 2862,SE,,null,null,,,Inventory,http://concordauto1.com/inventory/
1655221610-15073,https://concordauto1.com/,"2018 TOYOTA TACOMA SR
                    
                        
                            
                                exterior:
                                White
                                                    
                                interior:
                                GRAY
                                                    
                                engine:
                                L4, 2.7l
                                                    
                                stock #:
                                2903
                                                    
                                mileage:
                                102,405
                            
                        

                    
                $24,880",https://concordauto1.com/product/toyota_tacoma_sr_5564/,2903,2018,TOYOTA,TACOMA,null,4,AUTOMATIC,"L4, 2.7L",null,null,5TFRX5GN7JX105564,"102,405",WHITE,GRAY,"24,880","[{""photo urls"":"""",""photo urls-src"":""https://aximages.s3.amazonaws.com/1906/2903/49822_1_2903-1_180941.jpg""},{""photo urls"":"""",""photo urls-src"":""https://aximages.s3.amazonaws.com/1906/2903/49822_1_2903-2_180942.jpg""},{""photo urls"":"""",""photo urls-src"":""https://aximages.s3.amazonaws.com/1906/2903/49822_1_2903-3_180942.jpg""},{""photo urls"":"""",""photo urls-src"":""https://aximages.s3.amazonaws.com/1906/2903/49822_1_2903-4_180942.jpg""},{""photo urls"":"""",""photo urls-src"":""https://aximages.s3.amazonaws.com/1906/2903/49822_1_2903-5_163744.jpg""},{""photo urls"":"""",""photo urls-src"":""https://aximages.s3.amazonaws.com/1906/2903/49822_1_2903-6_163744.jpg""},{""photo urls"":"""",""photo urls-src"":""https://aximages.s3.amazonaws.com/1906/2903/49822_1_2903-7_163745.jpg""},{""photo urls"":"""",""photo urls-src"":""https://aximages.s3.amazonaws.com/1906/2903/49822_1_2903-8_163745.jpg""},{""photo urls"":"""",""photo urls-src"":""https://aximages.s3.amazonaws.com/1906/2903/49822_1_2903-9_163746.jpg""},{""photo urls"":"""",""photo urls-src"":""https://aximages.s3.amazonaws.com/1906/2903/49822_1_2903-10_163746.jpg""},{""photo urls"":"""",""photo urls-src"":""https://aximages.s3.amazonaws.com/1906/2903/49822_1_2903-11_163746.jpg""},{""photo urls"":"""",""photo urls-src"":""https://aximages.s3.amazonaws.com/1906/2903/49822_1_2903-12_163747.jpg""},{""photo urls"":"""",""photo urls-src"":""https://aximages.s3.amazonaws.com/1906/2903/49822_1_2903-13_163747.jpg""},{""photo urls"":"""",""photo urls-src"":""https://aximages.s3.amazonaws.com/1906/2903/49822_1_2903-14_163747.jpg""},{""photo urls"":"""",""photo urls-src"":""https://aximages.s3.amazonaws.com/1906/2903/49822_1_2903-15_163748.jpg""},{""photo urls"":"""",""photo urls-src"":""https://aximages.s3.amazonaws.com/1906/2903/49822_1_2903-16_163748.jpg""},{""photo urls"":"""",""photo urls-src"":""https://aximages.s3.amazonaws.com/1906/2903/49822_1_2903-17_163748.jpg""},{""photo urls"":"""",""photo urls-src"":""https://aximages.s3.amazonaws.com/1906/2903/49822_1_2903-18_163749.jpg""},{""photo urls"":"""",""photo urls-src"":""https://aximages.s3.amazonaws.com/1906/2903/49822_1_2903-19_163749.jpg""},{""photo urls"":"""",""photo urls-src"":""https://aximages.s3.amazonaws.com/1906/2903/49822_1_2903-20_163749.jpg""},{""photo urls"":"""",""photo urls-src"":""https://aximages.s3.amazonaws.com/1906/2903/49822_1_2903-21_163750.jpg""},{""photo urls"":"""",""photo urls-src"":""https://aximages.s3.amazonaws.com/1906/2903/49822_1_2903-22_171946.jpg""}]",null,null,"TOYOTA TACOMA 4 DOOR CAB; ACCESS CAB; LONG WHEELBASE AUTOMATIC car with 102405 miles. Please call CONCORD AUTO 1 for more information at (925) 825-1000.Automatic, 6-Spd Included 2WD   Included Towing Pkg Included ABS (4-Wheel) Included Air Conditioning Included AM/FM Stereo Included Backup Camera Included Bluetooth Wireless Included CD/MP3 (Single Disc) Included Daytime Running Lights Included Dual Air Bags Included F &&R Head Curtain Air Bags Included Hill Start Assist Control Included Knee Air Bags Included Lane Departure Warning System Included Power Door Locks Included Power Steering Included Power Windows Included Tailgate Spoiler Included Side Air Bags Included Stability Control Included Steel Wheels Included Tilt  && Telescoping Wheel Included Traction Control Included White $61 Dynamic Radar Cruise Control Included stock 2903",SR,,null,null,2,https://concordauto1.com/inventory/page/2/,Inventory,http://concordauto1.com/inventory/
1655221820-15081,https://concordauto1.com/,"2013 HONDA PILOT EX-L RES
                    
                        
                            
                                exterior:
                                Blue
                                                    
                                interior:
                                GRAY
                                                    
                                engine:
                                V6, 3.5l
                                                    
                                stock #:
                                2880
                                                    
                                mileage:
                                73,735
                            
                        

                    
                $19,990",https://concordauto1.com/product/honda_pilot_ex-l_res_8364/,2880,2013,HONDA,PILOT,null,6,AUTOMATIC,"V6, 3.5L",null,null,5FNYF3H67DB028364,"73,735",BLUE,GRAY,"19,990","[{""photo urls"":"""",""photo urls-src"":""https://aximages.s3.amazonaws.com/1906/2880/49822_1_2880-1_150550.jpg""},{""photo urls"":"""",""photo urls-src"":""https://aximages.s3.amazonaws.com/1906/2880/49822_1_2880-2_150554.jpg""},{""photo urls"":"""",""photo urls-src"":""https://aximages.s3.amazonaws.com/1906/2880/49822_1_2880-3_150554.jpg""},{""photo urls"":"""",""photo urls-src"":""https://aximages.s3.amazonaws.com/1906/2880/49822_1_2880-4_150554.jpg""},{""photo urls"":"""",""photo urls-src"":""https://aximages.s3.amazonaws.com/1906/2880/49822_1_2880-5_172121.jpg""},{""photo urls"":"""",""photo urls-src"":""https://aximages.s3.amazonaws.com/1906/2880/49822_1_2880-6_172121.jpg""},{""photo urls"":"""",""photo urls-src"":""https://aximages.s3.amazonaws.com/1906/2880/49822_1_2880-7_172121.jpg""},{""photo urls"":"""",""photo urls-src"":""https://aximages.s3.amazonaws.com/1906/2880/49822_1_2880-8_172121.jpg""},{""photo urls"":"""",""photo urls-src"":""https://aximages.s3.amazonaws.com/1906/2880/49822_1_2880-9_172121.jpg""},{""photo urls"":"""",""photo urls-src"":""https://aximages.s3.amazonaws.com/1906/2880/49822_1_2880-10_172121.jpg""},{""photo urls"":"""",""photo urls-src"":""https://aximages.s3.amazonaws.com/1906/2880/49822_1_2880-11_172121.jpg""},{""photo urls"":"""",""photo urls-src"":""https://aximages.s3.amazonaws.com/1906/2880/49822_1_2880-12_172121.jpg""},{""photo urls"":"""",""photo urls-src"":""https://aximages.s3.amazonaws.com/1906/2880/49822_1_2880-13_172121.jpg""},{""photo urls"":"""",""photo urls-src"":""https://aximages.s3.amazonaws.com/1906/2880/49822_1_2880-14_172121.jpg""},{""photo urls"":"""",""photo urls-src"":""https://aximages.s3.amazonaws.com/1906/2880/49822_1_2880-15_172121.jpg""},{""photo urls"":"""",""photo urls-src"":""https://aximages.s3.amazonaws.com/1906/2880/49822_1_2880-16_172121.jpg""},{""photo urls"":"""",""photo urls-src"":""https://aximages.s3.amazonaws.com/1906/2880/49822_1_2880-17_172121.jpg""},{""photo urls"":"""",""photo urls-src"":""https://aximages.s3.amazonaws.com/1906/2880/49822_1_2880-18_172121.jpg""},{""photo urls"":"""",""photo urls-src"":""https://aximages.s3.amazonaws.com/1906/2880/49822_1_2880-19_172121.jpg""},{""photo urls"":"""",""photo urls-src"":""https://aximages.s3.amazonaws.com/1906/2880/49822_1_2880-20_172122.jpg""},{""photo urls"":"""",""photo urls-src"":""https://aximages.s3.amazonaws.com/1906/2880/49822_1_2880-21_172122.jpg""}]",null,null,"HONDA PILOT 4 DOOR WAGON AUTOMATIC car with 73735 miles. Please call CONCORD AUTO 1 for more information at (925) 825-1000.V6, i-VTEC, 3.5 Liter Included Automatic, 5-Spd Included Leather Included Alloy Wheels Included Hill Start Assist Control Included Traction Control Included Stability Control Included ABS (4-Wheel) Included Keyless Entry Included Air Conditioning Included Air Conditioning, Rear Included Power Windows Included Power Door Locks Included Cruise Control Included Power Steering Included Tilt  && Telescoping Wheel Included Bluetooth Wireless Included Dual Air Bags Included Side Air Bags Included F &&R Head Curtain Air Bags Included Daytime Running Lights Included AM/FM Stereo Included CD/MP3 (Single Disc) Included XM Satellite Included Backup Camera Included Heated Seats Included Dual Power Seats Included Moon Roof Included Third Row Seat Included Blue N/A Fog Lights Included Anti-Theft System Included stock",EX-L RES,,null,null,,,Inventory,http://concordauto1.com/inventory/
1655221715-15077,https://concordauto1.com/,"2014 TOYOTA CAMRY SE
                    
                        
                            
                                exterior:
                                White
                                                    
                                interior:
                                BLACK
                                                    
                                engine:
                                L4, 2.5l
                                                    
                                stock #:
                                2876
                                                    
                                mileage:
                                78,563
                            
                        

                    
                $17,880",https://concordauto1.com/product/toyota_camry_se_7504/,2876,2014,TOYOTA,CAMRY,null,4,AUTOMATIC,"L4, 2.5L",null,null,4T1BF1FK7EU777504,"78,563",WHITE,BLACK,"17,880","[{""photo urls"":"""",""photo urls-src"":""https://aximages.s3.amazonaws.com/1906/2876/49822_1_2876-1_164330.jpg""},{""photo urls"":"""",""photo urls-src"":""https://aximages.s3.amazonaws.com/1906/2876/49822_1_2876-2_164330.jpg""},{""photo urls"":"""",""photo urls-src"":""https://aximages.s3.amazonaws.com/1906/2876/49822_1_2876-3_164331.jpg""},{""photo urls"":"""",""photo urls-src"":""https://aximages.s3.amazonaws.com/1906/2876/49822_1_2876-4_164331.jpg""},{""photo urls"":"""",""photo urls-src"":""https://aximages.s3.amazonaws.com/1906/2876/49822_1_2876-5_132740.jpg""},{""photo urls"":"""",""photo urls-src"":""https://aximages.s3.amazonaws.com/1906/2876/49822_1_2876-6_132741.jpg""},{""photo urls"":"""",""photo urls-src"":""https://aximages.s3.amazonaws.com/1906/2876/49822_1_2876-7_132741.jpg""},{""photo urls"":"""",""photo urls-src"":""https://aximages.s3.amazonaws.com/1906/2876/49822_1_2876-8_132741.jpg""},{""photo urls"":"""",""photo urls-src"":""https://aximages.s3.amazonaws.com/1906/2876/49822_1_2876-9_132741.jpg""},{""photo urls"":"""",""photo urls-src"":""https://aximages.s3.amazonaws.com/1906/2876/49822_1_2876-10_132741.jpg""},{""photo urls"":"""",""photo urls-src"":""https://aximages.s3.amazonaws.com/1906/2876/49822_1_2876-11_132741.jpg""},{""photo urls"":"""",""photo urls-src"":""https://aximages.s3.amazonaws.com/1906/2876/49822_1_2876-12_132741.jpg""},{""photo urls"":"""",""photo urls-src"":""https://aximages.s3.amazonaws.com/1906/2876/49822_1_2876-13_132741.jpg""},{""photo urls"":"""",""photo urls-src"":""https://aximages.s3.amazonaws.com/1906/2876/49822_1_2876-14_132741.jpg""},{""photo urls"":"""",""photo urls-src"":""https://aximages.s3.amazonaws.com/1906/2876/49822_1_2876-15_132741.jpg""},{""photo urls"":"""",""photo urls-src"":""https://aximages.s3.amazonaws.com/1906/2876/49822_1_2876-16_132741.jpg""},{""photo urls"":"""",""photo urls-src"":""https://aximages.s3.amazonaws.com/1906/2876/49822_1_2876-17_132742.jpg""},{""photo urls"":"""",""photo urls-src"":""https://aximages.s3.amazonaws.com/1906/2876/49822_1_2876-18_132742.jpg""},{""photo urls"":"""",""photo urls-src"":""https://aximages.s3.amazonaws.com/1906/2876/49822_1_2876-19_132742.jpg""}]",null,null,"TOYOTA CAMRY 4 DOOR SEDAN AUTOMATIC car with 78563 miles. Please call CONCORD AUTO 1 for more information at (925) 825-1000.Alloy Wheels Included Automatic, 6-Spd Included FWD Included Sport Suspension Included Traction Control Included Stability Control Included ABS (4-Wheel) Included Keyless Entry Included Air Conditioning Included Power Windows Included Power Door Locks Included Cruise Control Included Power Steering Included Tilt  && Telescoping Wheel Included AM/FM Stereo Included Bluetooth Wireless Included Backup Camera Included Dual Air Bags Included F &&R Head Curtain Air Bags Included Daytime Running Lights Included Rear Spoiler Included F &&R Side Air Bags Included CD/MP3 (Single Disc) Included Knee Air Bags Included Fog Lights Included Anti-Theft System Included Values STOCK 2876",SE,,null,null,,,Inventory,http://concordauto1.com/inventory/
1655221950-15086,https://concordauto1.com/,"2013 HONDA ACCORD EX-L
                    
                        
                            
                                exterior:
                                Silver
                                                    
                                interior:
                                BLACK
                                                    
                                engine:
                                L4, 2.4l
                                                    
                                stock #:
                                2868
                                                    
                                mileage:
                                93,307
                            
                        

                    
                $16,990",https://concordauto1.com/product/honda_accord_ex-l_6314/,2868,2013,HONDA,ACCORD,null,4,AUTOMATIC,"L4, 2.4L",null,null,1HGCR2F89DA146314,"93,307",SILVER,BLACK,"16,990","[{""photo urls"":"""",""photo urls-src"":""https://aximages.s3.amazonaws.com/1906/2868/49822_1_2868-1_155357.jpg""},{""photo urls"":"""",""photo urls-src"":""https://aximages.s3.amazonaws.com/1906/2868/49822_1_2868-2_155358.jpg""},{""photo urls"":"""",""photo urls-src"":""https://aximages.s3.amazonaws.com/1906/2868/49822_1_2868-3_155359.jpg""},{""photo urls"":"""",""photo urls-src"":""https://aximages.s3.amazonaws.com/1906/2868/49822_1_2868-4_155359.jpg""},{""photo urls"":"""",""photo urls-src"":""https://aximages.s3.amazonaws.com/1906/2868/49822_1_2868-5_113257.jpg""},{""photo urls"":"""",""photo urls-src"":""https://aximages.s3.amazonaws.com/1906/2868/49822_1_2868-6_113259.jpg""},{""photo urls"":"""",""photo urls-src"":""https://aximages.s3.amazonaws.com/1906/2868/49822_1_2868-7_113300.jpg""},{""photo urls"":"""",""photo urls-src"":""https://aximages.s3.amazonaws.com/1906/2868/49822_1_2868-8_113300.jpg""},{""photo urls"":"""",""photo urls-src"":""https://aximages.s3.amazonaws.com/1906/2868/49822_1_2868-9_113301.jpg""},{""photo urls"":"""",""photo urls-src"":""https://aximages.s3.amazonaws.com/1906/2868/49822_1_2868-10_113301.jpg""},{""photo urls"":"""",""photo urls-src"":""https://aximages.s3.amazonaws.com/1906/2868/49822_1_2868-11_113302.jpg""},{""photo urls"":"""",""photo urls-src"":""https://aximages.s3.amazonaws.com/1906/2868/49822_1_2868-12_113303.jpg""},{""photo urls"":"""",""photo urls-src"":""https://aximages.s3.amazonaws.com/1906/2868/49822_1_2868-13_113303.jpg""},{""photo urls"":"""",""photo urls-src"":""https://aximages.s3.amazonaws.com/1906/2868/49822_1_2868-14_113303.jpg""},{""photo urls"":"""",""photo urls-src"":""https://aximages.s3.amazonaws.com/1906/2868/49822_1_2868-15_113304.jpg""},{""photo urls"":"""",""photo urls-src"":""https://aximages.s3.amazonaws.com/1906/2868/49822_1_2868-16_113304.jpg""},{""photo urls"":"""",""photo urls-src"":""https://aximages.s3.amazonaws.com/1906/2868/49822_1_2868-17_113304.jpg""},{""photo urls"":"""",""photo urls-src"":""https://aximages.s3.amazonaws.com/1906/2868/49822_1_2868-18_113305.jpg""},{""photo urls"":"""",""photo urls-src"":""https://aximages.s3.amazonaws.com/1906/2868/49822_1_2868-19_113305.jpg""},{""photo urls"":"""",""photo urls-src"":""https://aximages.s3.amazonaws.com/1906/2868/49822_1_2868-20_113306.jpg""},{""photo urls"":"""",""photo urls-src"":""https://aximages.s3.amazonaws.com/1906/2868/49822_1_2868-21_113306.jpg""},{""photo urls"":"""",""photo urls-src"":""https://aximages.s3.amazonaws.com/1906/2868/49822_1_2868-22_113306.jpg""},{""photo urls"":"""",""photo urls-src"":""https://aximages.s3.amazonaws.com/1906/2868/49822_1_2868-23_113306.jpg""}]",null,null,"HONDA ACCORD 4 DOOR SEDAN AUTOMATIC car with 93307 miles. Please call CONCORD AUTO 1 for more information at (925) 825-1000.Automatic, CVT Included FWD Included Traction Control Included Stability Control Included ABS (4-Wheel) Included Keyless Entry Included Air Conditioning Included Power Windows Included Power Door Locks Included Cruise Control Included Power Steering Included Tilt  && Telescoping Wheel Included AM/FM Stereo Included CD/MP3 (Single Disc) Included Premium Sound Included XM Satellite Included Bluetooth Wireless Included Backup Camera Included Dual Air Bags Included Side Air Bags Included F &&R Head Curtain Air Bags Included Heated Seats Included Dual Power Seats Included Leather Included Moon Roof Included Daytime Running Lights Included Alloy Wheels Included Silver N/A LaneWatch Included Alarm System Includ STOCK 2868",EX-L,,null,null,,,Inventory,http://concordauto1.com/inventory/