web-scraper-order,web-scraper-start-url,menu,menu-href,stock,year,make,model,style,cylinder,transmission,engine,drive train,fuel type,vin,mileage,color,color 2,internet price,photo urls,doors,stock2,Vehicle Type,description,trim,certified,link,link-href
1652348440-7692,https://www.majorpowersports.com/,"Pre-Owned
							Inventory
						
						
							.02",https://www.majorpowersports.com/default.asp?page=xPreOwnedInventory,HA016378,2016,Harley-Davidson®,FXSB - Softail® Breakout®,null,,null,null,null,null,1HD1BFV16GB016378,23715 mi,null,null,"$18,995","[{""photo urls"":"""",""photo urls-src"":""https://cdn.dealerspike.com/imglib/v1/200x150/imglib/Assets/Inventory/44/6E/446E2F37-FEBF-4068-A44A-5CA177AEC93A.jpg""},{""photo urls"":"""",""photo urls-src"":""https://cdn.dealerspike.com/imglib/v1/200x150/imglib/Assets/Inventory/C7/78/C7786835-5F3D-484C-A0CF-49171DD55DC9.jpg""},{""photo urls"":"""",""photo urls-src"":""https://cdn.dealerspike.com/imglib/v1/200x150/imglib/Assets/Inventory/44/D1/44D1B0B5-4384-4EAA-9B03-81C8E129B854.jpg""},{""photo urls"":"""",""photo urls-src"":""https://cdn.dealerspike.com/imglib/v1/200x150/imglib/Assets/Inventory/1C/E7/1CE7F7C2-066F-4B8F-B294-0916D951C61F.jpg""},{""photo urls"":"""",""photo urls-src"":""https://cdn.dealerspike.com/imglib/v1/200x150/imglib/Assets/Inventory/0A/DD/0ADDE30B-F456-4424-98BF-48A2127BB443.jpg""},{""photo urls"":"""",""photo urls-src"":""https://cdn.dealerspike.com/imglib/v1/200x150/imglib/Assets/Inventory/96/80/96803F16-27CA-4F6C-9927-600D567246DE.jpg""},{""photo urls"":"""",""photo urls-src"":""https://cdn.dealerspike.com/imglib/v1/200x150/imglib/Assets/Inventory/3D/24/3D24DA63-703B-4FDE-8326-BDA70DB8991E.jpg""},{""photo urls"":"""",""photo urls-src"":""https://cdn.dealerspike.com/imglib/v1/200x150/imglib/Assets/Inventory/FC/22/FC22155D-A3B5-4D50-AF7F-EF5DD9F661FD.jpg""},{""photo urls"":"""",""photo urls-src"":""https://cdn.dealerspike.com/imglib/v1/200x150/imglib/Assets/Inventory/E6/1A/E61A4658-255C-4C64-9C8B-9455E432DF88.jpg""}]",null,,Motorcycle / Scooter,null,null,,"2016
Harley-Davidson® 
FXSB - Softail® Breakout®",https://www.majorpowersports.com/Pre-owned-Inventory-2016-Harley-Davidson-Motorcycle-Scooter-FXSB-Softail-Breakout-Softail-Major-Powersports-11316531?ref=list
1652348600-7741,https://www.majorpowersports.com/,"New
							Inventory
						
						
							.01",https://www.majorpowersports.com/default.asp?page=xNewInventory,SRX09205,2022,SSR Motorsports,XF250X,null,,null,null,null,null,LAEGB2465NGX09205,null,null,null,"$3,459",[],null,,Motorcycle / Scooter,null,null,,"2022
SSR Motorsports 
XF250X",https://www.majorpowersports.com/New-Inventory-2022-SSR-Motorsports-Motorcycle-Scooter-XF250X-Major-Powersports-11820491?ref=list
1652348608-7744,https://www.majorpowersports.com/,"New
							Inventory
						
						
							.01",https://www.majorpowersports.com/default.asp?page=xNewInventory,SR100503,2022,SSR Motorsports,SR140TR-BW,null,,null,null,null,null,L6JYGKL39NC100503,null,null,null,"$2,059",[],null,,Motorcycle / Scooter,null,null,,"2022
SSR Motorsports 
SR140TR-BW",https://www.majorpowersports.com/New-Inventory-2022-SSR-Motorsports-Motorcycle-Scooter-SR140TR-BW-Major-Powersports-11816177?ref=list
1652348545-7721,https://www.majorpowersports.com/,"New
							Inventory
						
						
							.01",https://www.majorpowersports.com/default.asp?page=xNewInventory,SR000408,2004,SSR Motorsports,SR300S,null,,null,null,null,null,L3BSEKA340000408,null,null,null,"$4,599",[],null,,Motorcycle / Scooter,null,null,,"2004
SSR Motorsports 
SR300S",https://www.majorpowersports.com/New-Inventory-2004-SSR-Motorsports-Motorcycle-Scooter-SR300S-Major-Powersports-11519200?ref=list
1652348712-7778,https://www.majorpowersports.com/,"New
							Inventory
						
						
							.01",https://www.majorpowersports.com/default.asp?page=xNewInventory,BED13670,2022,Benelli,TNT135,null,,null,"Single cylinder, 4 stroke, oil cooled, 4 valves per cylinder, SOHC, double spark",null,null,LBBPEA073NBD13670,null,null,null,"$2,999","[{""photo urls"":"""",""photo urls-src"":""https://cdn.dealerspike.com/imglib/v1/200x150/imglib/trimsdb/17770181-0-111716521.jpg""}]",null,,Motorcycle / Scooter,null,null,,"2022
Benelli 
TNT135",https://www.majorpowersports.com/New-Inventory-2022-Benelli-Motorcycle-Scooter-TNT135-Major-Powersports-10807688?ref=list
1652348457-7698,https://www.majorpowersports.com/,"Pre-Owned
							Inventory
						
						
							.02",https://www.majorpowersports.com/default.asp?page=xPreOwnedInventory,HO100746,2017,Honda®,Africa Twin CRF1000L,null,,6-speed Manual,4-stroke Unicam 8-valve Parallel Twin with 270º crank,6-speed Manual,null,JH2SD0440HK100746,702 mi,"Red/Black/White, White/Blue/Red",null,"$13,795","[{""photo urls"":"""",""photo urls-src"":""https://cdn.dealerspike.com/imglib/v1/200x150/imglib/Assets/Inventory/6A/14/6A14441C-A172-4542-ACB7-BF0BFC24800F.jpg""},{""photo urls"":"""",""photo urls-src"":""https://cdn.dealerspike.com/imglib/v1/200x150/imglib/Assets/Inventory/B0/60/B0609AEE-6ED4-470A-BADD-1E63CC21D71A.jpg""},{""photo urls"":"""",""photo urls-src"":""https://cdn.dealerspike.com/imglib/v1/200x150/imglib/Assets/Inventory/4E/BD/4EBD82C3-CBC7-4A3B-962B-3DB641CD382B.jpg""}]",null,,Motorcycle / Scooter,null,null,,"2017
Honda® 
Africa Twin CRF1000L",https://www.majorpowersports.com/Pre-owned-Inventory-2017-Honda-Motorcycle-Scooter-Africa-Twin-CRF1000L-Major-Powersports-11955453?ref=list
1652348578-7733,https://www.majorpowersports.com/,"New
							Inventory
						
						
							.01",https://www.majorpowersports.com/default.asp?page=xNewInventory,SR104419,2021,SSR Motorsports,SR125 AUTO,null,,null,null,null,null,SYMYJ3031M1104419,1,null,null,"$1,379",[],null,,Motorcycle / Scooter,null,null,,"2021
SSR Motorsports 
SR125 AUTO",https://www.majorpowersports.com/New-Inventory-2021-SSR-Motorsports-Motorcycle-Scooter-SR125-AUTO-Major-Powersports-11410728?ref=list
1652348451-7696,https://www.majorpowersports.com/,"Pre-Owned
							Inventory
						
						
							.02",https://www.majorpowersports.com/default.asp?page=xPreOwnedInventory,YA001058,2017,Yamaha,YZF-R3,null,,"6-speed, wet multiplate clutch","321cc liquid-cooled, DOHC inline twin-cylinder; 8 valves","6-speed, wet multiplate clutch",null,MH3RH15Y4HK001058,2173,null,null,"$5,995","[{""photo urls"":"""",""photo urls-src"":""https://cdn.dealerspike.com/imglib/v1/200x150/imglib/Assets/Inventory/A0/BB/A0BBD049-550B-4C8E-977A-D9E77A142CF7.jpg""},{""photo urls"":"""",""photo urls-src"":""https://cdn.dealerspike.com/imglib/v1/200x150/imglib/Assets/Inventory/85/EF/85EFB352-F50D-426A-A987-F3560D56DA1B.jpg""},{""photo urls"":"""",""photo urls-src"":""https://cdn.dealerspike.com/imglib/v1/200x150/imglib/Assets/Inventory/80/06/80068565-0222-4720-88E7-FE1ED5B35FB5.jpg""},{""photo urls"":"""",""photo urls-src"":""https://cdn.dealerspike.com/imglib/v1/200x150/imglib/Assets/Inventory/FB/81/FB8175BF-2E64-44A4-AEDE-8A0E096BEA22.jpg""}]",null,,Motorcycle / Scooter,null,null,,"2017
Yamaha 
YZF-R3",https://www.majorpowersports.com/Pre-owned-Inventory-2017-Yamaha-Motorcycle-Scooter-YZF-R3-Major-Powersports-11955460?ref=list
1652348656-7758,https://www.majorpowersports.com/,"New
							Inventory
						
						
							.01",https://www.majorpowersports.com/default.asp?page=xNewInventory,ZEP21467,2022,Zero,SR Power Tank,null,,Clutchless direct drive,null,Clutchless direct drive,null,538ZFCZ77NCP21467,null,null,null,"$18,595","[{""photo urls"":"""",""photo urls-src"":""https://cdn.dealerspike.com/imglib/v1/200x150/imglib/trimsdb/18381531-0-114863151.jpg""}]",null,,Motorcycle / Scooter,null,null,,"2022
Zero 
SR Power Tank",https://www.majorpowersports.com/New-Inventory-2022-Zero-Motorcycle-Scooter-SR-Power-Tank-Major-Powersports-12100232?ref=list
1652348572-7731,https://www.majorpowersports.com/,"New
							Inventory
						
						
							.01",https://www.majorpowersports.com/default.asp?page=xNewInventory,SR118179,2021,SSR Motorsports,SR125 Semi,null,,null,null,null,null,L6JYGJL35MC118179,null,null,null,"$1,359",[],null,,Motorcycle / Scooter,null,null,,"2021
SSR Motorsports 
SR125 Semi",https://www.majorpowersports.com/New-Inventory-2021-SSR-Motorsports-Motorcycle-Scooter-SR125-Semi-Major-Powersports-11665482?ref=list
1652348384-7675,https://www.majorpowersports.com/,"Pre-Owned
							Inventory
						
						
							.02",https://www.majorpowersports.com/default.asp?page=xPreOwnedInventory,SR008415,2021,SSR Motorsports,SR150,null,,"5-speed Manual; 1-down, 4-up","4 Stroke, Single Cylinder","5-speed Manual; 1-down, 4-up",null,L3BSEKA3XM0008415,1,"White, Blue",null,"$2,459","[{""photo urls"":"""",""photo urls-src"":""https://cdn.dealerspike.com/imglib/v1/200x150/imglib/trimsdb/15465541-0-100403841.jpg""}]",null,,Motorcycle / Scooter,null,null,,"2021
SSR Motorsports 
SR150",https://www.majorpowersports.com/New-Inventory-2021-SSR-Motorsports-Motorcycle-Scooter-SR150-Major-Powersports-11246462?ref=list
1652348653-7757,https://www.majorpowersports.com/,"New
							Inventory
						
						
							.01",https://www.majorpowersports.com/default.asp?page=xNewInventory,ZK19940,2022,Zero,SR/F,null,,null,null,null,null,538ZFDZ79NCK19940,0,null,null,"$22,195","[{""photo urls"":"""",""photo urls-src"":""https://cdn.dealerspike.com/imglib/v1/200x150/imglib/Assets/Inventory/2F/43/2F439A28-F464-4AD6-B420-B694BCA75E56.jpg""}]",null,,Motorcycle / Scooter,null,null,,"2022
Zero 
SR/F",https://www.majorpowersports.com/New-Inventory-2022-Zero-Motorcycle-Scooter-SR-F-Major-Powersports-11487107?ref=list
1652348564-7728,https://www.majorpowersports.com/,"New
							Inventory
						
						
							.01",https://www.majorpowersports.com/default.asp?page=xNewInventory,SR119160,2021,SSR Motorsports,SR125 Semi,null,,null,null,null,null,L6JYGJL30MC119160,null,null,null,"$1,359",[],null,,Motorcycle / Scooter,null,null,,"2021
SSR Motorsports 
SR125 Semi",https://www.majorpowersports.com/New-Inventory-2021-SSR-Motorsports-Motorcycle-Scooter-SR125-Semi-Major-Powersports-11665486?ref=list
1652348411-7683,https://www.majorpowersports.com/,"Pre-Owned
							Inventory
						
						
							.02",https://www.majorpowersports.com/default.asp?page=xPreOwnedInventory,KA000629,2012,Kawasaki,Ninja® ZX™ -14R,null,,Six-Speed,null,Six-Speed,null,JKBZXNE15CA000629,500 mi,"Metallic Spark Black, Candy Surf Blue, Golden Blazed Green with special graphics (SE)",null,"$13,995","[{""photo urls"":"""",""photo urls-src"":""https://cdn.dealerspike.com/imglib/v1/200x150/imglib/Assets/Inventory/43/A8/43A8DBA4-27A6-4CC9-8BA5-A7DBC0431E3D.jpg""},{""photo urls"":"""",""photo urls-src"":""https://cdn.dealerspike.com/imglib/v1/200x150/imglib/Assets/Inventory/59/7C/597C02F0-D102-44A8-8C1B-CD5DA1D273D1.jpg""},{""photo urls"":"""",""photo urls-src"":""https://cdn.dealerspike.com/imglib/v1/200x150/imglib/Assets/Inventory/10/99/10997BC1-7F40-46E7-AD3E-FF1A3A5C2A00.jpg""},{""photo urls"":"""",""photo urls-src"":""https://cdn.dealerspike.com/imglib/v1/200x150/imglib/Assets/Inventory/D4/BA/D4BA3AEB-FEA1-465B-876B-4AA71A54F922.jpg""}]",null,,Motorcycle / Scooter,null,null,,"2012
Kawasaki 
Ninja® ZX™ -14R",https://www.majorpowersports.com/Pre-owned-Inventory-2012-Kawasaki-Motorcycle-Scooter-Ninja-ZX-14R-Major-Powersports-11741890?ref=list
1652348443-7693,https://www.majorpowersports.com/,"Pre-Owned
							Inventory
						
						
							.02",https://www.majorpowersports.com/default.asp?page=xPreOwnedInventory,CA000093,2016,Can-Am®,Spyder® F3-S Special Series,null,,null,null,null,null,2BXREDD25GV000093,4675 mi,null,null,"$17,995","[{""photo urls"":"""",""photo urls-src"":""https://cdn.dealerspike.com/imglib/v1/200x150/imglib/Assets/Inventory/A5/E1/A5E187AB-6748-4B92-80A5-877B28A387FF.jpg""},{""photo urls"":"""",""photo urls-src"":""https://cdn.dealerspike.com/imglib/v1/200x150/imglib/Assets/Inventory/30/B1/30B1632E-7497-407A-B86A-B9FA2FBC44A2.jpg""},{""photo urls"":"""",""photo urls-src"":""https://cdn.dealerspike.com/imglib/v1/200x150/imglib/Assets/Inventory/7F/73/7F73B72D-5C7B-4DB9-928A-AB434C91FD3A.jpg""}]",null,,Motorcycle / Scooter,null,null,,"2016
Can-Am® 
Spyder® F3-S Special Series",https://www.majorpowersports.com/Pre-owned-Inventory-2016-Can-Am-Motorcycle-Scooter-Spyder-F3-S-Special-Series-Major-Powersports-11904270?ref=list
1652348659-7759,https://www.majorpowersports.com/,"New
							Inventory
						
						
							.01",https://www.majorpowersports.com/default.asp?page=xNewInventory,ZEC19709,2022,Zero,FX ZF7.2,null,,Clutchless direct drive,null,Clutchless direct drive,null,538XXDZ40NCC19709,null,null,null,"$11,995","[{""photo urls"":"""",""photo urls-src"":""https://cdn.dealerspike.com/imglib/v1/200x150/imglib/trimsdb/17162811-0-114451821.jpg""}]",null,,Motorcycle / Scooter,null,null,,"2022
Zero 
FX ZF7.2",https://www.majorpowersports.com/New-Inventory-2022-Zero-Motorcycle-Scooter-FX-ZF7-2-Major-Powersports-11665497?ref=list
1652348692-7771,https://www.majorpowersports.com/,"New
							Inventory
						
						
							.01",https://www.majorpowersports.com/default.asp?page=xNewInventory,SR008422,2022,SSR Motorsports,SR150,null,,"5-speed Manual; 1-down, 4-up","4 Stroke, Single Cylinder","5-speed Manual; 1-down, 4-up",null,L3BSEKA37M0008422,null,"White, Blue",null,"$2,459","[{""photo urls"":"""",""photo urls-src"":""https://cdn.dealerspike.com/imglib/v1/200x150/imglib/trimsdb/18380061-0-114853821.jpg""}]",null,,Motorcycle / Scooter,null,null,,"2022
SSR Motorsports 
SR150",https://www.majorpowersports.com/New-Inventory-2022-SSR-Motorsports-Motorcycle-Scooter-SR150-Major-Powersports-11680343?ref=list
1652348522-7720,https://www.majorpowersports.com/,"Pre-Owned
							Inventory
						
						
							.02",https://www.majorpowersports.com/default.asp?page=xPreOwnedInventory,HO700058,2021,Honda®,CBR300R,null,,Six-speed,single-cylinder four-stroke,Six-speed,null,MLHNC5103M2700058,253 mi,"Grand Prix Red, Matte Gray Metallic",null,"$6,295","[{""photo urls"":"""",""photo urls-src"":""https://cdn.dealerspike.com/imglib/v1/200x150/imglib/Assets/Inventory/BB/A4/BBA4F44C-3BB2-4A0F-8157-DF870751F8F8.jpg""},{""photo urls"":"""",""photo urls-src"":""https://cdn.dealerspike.com/imglib/v1/200x150/imglib/Assets/Inventory/DE/8A/DE8AADB2-8A72-4560-9E32-ECA70A956E73.jpg""},{""photo urls"":"""",""photo urls-src"":""https://cdn.dealerspike.com/imglib/v1/200x150/imglib/Assets/Inventory/77/41/7741AE96-6C11-434A-A6A5-CE55F822DC73.jpg""},{""photo urls"":"""",""photo urls-src"":""https://cdn.dealerspike.com/imglib/v1/200x150/imglib/Assets/Inventory/1C/44/1C449BB0-7FEA-47B9-A704-E8FCA1E3D92D.jpg""}]",null,,Motorcycle / Scooter,null,null,,"2021
Honda® 
CBR300R",https://www.majorpowersports.com/Pre-owned-Inventory-2021-Honda-Motorcycle-Scooter-CBR300R-Major-Powersports-11955451?ref=list
1652348676-7765,https://www.majorpowersports.com/,"New
							Inventory
						
						
							.01",https://www.majorpowersports.com/default.asp?page=xNewInventory,VA000004,2022,Vanderhall,Carmel Blackjack,null,,6-Speed Automatic Transmission,null,6-Speed Automatic Transmission,null,null,null,null,null,"$37,950","[{""photo urls"":"""",""photo urls-src"":""https://cdn.dealerspike.com/imglib/v1/200x150/imglib/Assets/Inventory/2F/25/2F25F143-F38F-4D8C-A13D-CB9E34450E72.jpg""},{""photo urls"":"""",""photo urls-src"":""https://cdn.dealerspike.com/imglib/v1/200x150/imglib/Assets/Inventory/D4/88/D4885BE9-0F1B-4F74-BFAD-23769B8E8A35.jpg""},{""photo urls"":"""",""photo urls-src"":""https://cdn.dealerspike.com/imglib/v1/200x150/imglib/Assets/Inventory/4C/FF/4CFF3712-A7D0-4BF3-A6BE-E08EA5BED269.jpg""}]",null,,Motorcycle / Scooter,null,null,,"2022
Vanderhall 
Carmel Blackjack",https://www.majorpowersports.com/New-Inventory-2022-Vanderhall-Motorcycle-Scooter-Carmel-Blackjack-Major-Powersports-11859951?ref=list
1652348724-7782,https://www.majorpowersports.com/,"New
							Inventory
						
						
							.01",https://www.majorpowersports.com/default.asp?page=xNewInventory,BED25536,2022,Benelli,TNT135,null,,null,"Single cylinder, 4 stroke, oil cooled, 4 valves per cylinder, SOHC, double spark",null,null,LBBPEA074NBD25536,null,null,null,"$2,999","[{""photo urls"":"""",""photo urls-src"":""https://cdn.dealerspike.com/imglib/v1/200x150/imglib/trimsdb/17770181-0-111716521.jpg""}]",null,,Motorcycle / Scooter,null,null,,"2022
Benelli 
TNT135",https://www.majorpowersports.com/New-Inventory-2022-Benelli-Motorcycle-Scooter-TNT135-Major-Powersports-11665480?ref=list
1652348550-7723,https://www.majorpowersports.com/,"New
							Inventory
						
						
							.01",https://www.majorpowersports.com/default.asp?page=xNewInventory,SR004500,2021,SSR Motorsports,SR70AUTO,null,,null,null,null,null,L3BSGJD33M0004500,1,null,null,$959,[],null,,Motorcycle / Scooter,null,null,,"2021
SSR Motorsports 
SR70AUTO",https://www.majorpowersports.com/New-Inventory-2021-SSR-Motorsports-Motorcycle-Scooter-SR70AUTO-Major-Powersports-11410708?ref=list
1652348409-7682,https://www.majorpowersports.com/,"Pre-Owned
							Inventory
						
						
							.02",https://www.majorpowersports.com/default.asp?page=xPreOwnedInventory,HO000528,2011,Honda®,CBR250R,null,,Close-ratio five-speed,249cc liquid-cooled single-cylinder four-stroke,Close-ratio five-speed,null,MLHMC4114B5000528,null,null,null,"$2,995","[{""photo urls"":"""",""photo urls-src"":""https://cdn.dealerspike.com/imglib/v1/200x150/imglib/trimsdb/1052341-0-202051.jpg""}]",null,,Motorcycle / Scooter,null,null,,"2011
Honda® 
CBR250R",https://www.majorpowersports.com/Pre-owned-Inventory-2011-Honda-Motorcycle-Scooter-CBR250R-Major-Powersports-12014611?ref=list
1652348730-7784,https://www.majorpowersports.com/,"New
							Inventory
						
						
							.01",https://www.majorpowersports.com/default.asp?page=xNewInventory,BED291146,2022,Benelli,TNT135,null,,null,"Single cylinder, 4 stroke, oil cooled, 4 valves per cylinder, SOHC, double spark",null,null,LBBPEA070NBD29146,null,null,null,"$2,999","[{""photo urls"":"""",""photo urls-src"":""https://cdn.dealerspike.com/imglib/v1/200x150/imglib/trimsdb/17770181-0-111716521.jpg""}]",null,,Motorcycle / Scooter,null,null,,"2022
Benelli 
TNT135",https://www.majorpowersports.com/New-Inventory-2022-Benelli-Motorcycle-Scooter-TNT135-Major-Powersports-11519201?ref=list
1652348504-7714,https://www.majorpowersports.com/,"Pre-Owned
							Inventory
						
						
							.02",https://www.majorpowersports.com/default.asp?page=xPreOwnedInventory,HA416597,2020,Harley-Davidson®,XL883L - Iron 883™,null,,null,null,null,null,1HD4LE219LB416597,6423 mi,null,null,"$10,495","[{""photo urls"":"""",""photo urls-src"":""https://cdn.dealerspike.com/imglib/v1/200x150/imglib/Assets/Inventory/73/4E/734EFDEC-77EB-441C-BE01-1C7161984B37.jpg""},{""photo urls"":"""",""photo urls-src"":""https://cdn.dealerspike.com/imglib/v1/200x150/imglib/Assets/Inventory/38/27/38279C12-E380-42A7-A288-B4B7F9E88921.jpg""},{""photo urls"":"""",""photo urls-src"":""https://cdn.dealerspike.com/imglib/v1/200x150/imglib/Assets/Inventory/36/6D/366DA0AA-1986-47F6-AAC9-C041047BA477.jpg""},{""photo urls"":"""",""photo urls-src"":""https://cdn.dealerspike.com/imglib/v1/200x150/imglib/Assets/Inventory/78/74/7874D111-67B6-485B-ADB9-171E1DA7A970.jpg""}]",null,,Motorcycle / Scooter,null,null,,"2020
Harley-Davidson® 
XL883L - Iron 883™",https://www.majorpowersports.com/Pre-owned-Inventory-2020-Harley-Davidson-Motorcycle-Scooter-XL883L-Iron-883-Major-Powersports-11955456?ref=list
1652348553-7724,https://www.majorpowersports.com/,"New
							Inventory
						
						
							.01",https://www.majorpowersports.com/default.asp?page=xNewInventory,SR111378,2021,SSR Motorsports,SR70 AUTO,null,,null,null,null,null,L6JYGDL37MC111378,1,null,null,$959,[],null,,Motorcycle / Scooter,null,null,,"2021
SSR Motorsports 
SR70 AUTO",https://www.majorpowersports.com/New-Inventory-2021-SSR-Motorsports-Motorcycle-Scooter-SR70-AUTO-Major-Powersports-10919334?ref=list
1652348569-7730,https://www.majorpowersports.com/,"New
							Inventory
						
						
							.01",https://www.majorpowersports.com/default.asp?page=xNewInventory,SR119450,2021,SSR Motorsports,SR125 Semi,null,,null,null,null,null,L6JYGJL39MC119450,null,null,null,"$1,359",[],null,,Motorcycle / Scooter,null,null,,"2021
SSR Motorsports 
SR125 Semi",https://www.majorpowersports.com/New-Inventory-2021-SSR-Motorsports-Motorcycle-Scooter-SR125-Semi-Major-Powersports-11665483?ref=list
1652348611-7745,https://www.majorpowersports.com/,"New
							Inventory
						
						
							.01",https://www.majorpowersports.com/default.asp?page=xNewInventory,SR100651,2022,SSR Motorsports,SR140TR-BW,null,,null,null,null,null,L6JYGKL32NC100651,null,null,null,"$2,059",[],null,,Motorcycle / Scooter,null,null,,"2022
SSR Motorsports 
SR140TR-BW",https://www.majorpowersports.com/New-Inventory-2022-SSR-Motorsports-Motorcycle-Scooter-SR140TR-BW-Major-Powersports-11816176?ref=list
1652348586-7736,https://www.majorpowersports.com/,"New
							Inventory
						
						
							.01",https://www.majorpowersports.com/default.asp?page=xNewInventory,SR113029,2021,SSR Motorsports,SR110 DX,null,,null,null,null,null,L6JYGHL34MC113029,null,null,null,"$1,059",[],null,,Motorcycle / Scooter,null,null,,"2021
SSR Motorsports 
SR110 DX",https://www.majorpowersports.com/New-Inventory-2021-SSR-Motorsports-Motorcycle-Scooter-SR110-DX-Major-Powersports-11665491?ref=list
1652348641-7753,https://www.majorpowersports.com/,"New
							Inventory
						
						
							.01",https://www.majorpowersports.com/default.asp?page=xNewInventory,SR104775,2021,SSR Motorsports,SR125,null,,4-up Manual,"YX™, Single Cylinder, 4 Stroke",4-up Manual,null,SYMYJ3133M1104775,1,"Red, Blue, Green, Orange, Black, White",null,"$1,359","[{""photo urls"":"""",""photo urls-src"":""https://cdn.dealerspike.com/imglib/v1/200x150/imglib/trimsdb/15730141-0-101847921.jpg""}]",null,,Motorcycle / Scooter,null,null,,"2021
SSR Motorsports 
SR125",https://www.majorpowersports.com/New-Inventory-2021-SSR-Motorsports-Motorcycle-Scooter-SR125-Major-Powersports-11410730?ref=list
1652348379-7673,https://www.majorpowersports.com/,"Pre-Owned
							Inventory
						
						
							.02",https://www.majorpowersports.com/default.asp?page=xPreOwnedInventory,SR008948,2021,SSR Motorsports,SR189,null,,"5-speed Manual; 1-down, 4-up","Single Cylinder, 4 Stroke","5-speed Manual; 1-down, 4-up",null,L3BSEKA31M0008948,null,"White, Blue",null,"$2,799","[{""photo urls"":"""",""photo urls-src"":""https://cdn.dealerspike.com/imglib/v1/200x150/imglib/trimsdb/15468111-0-100435561.jpg""}]",null,,Motorcycle / Scooter,null,null,,"2021
SSR Motorsports 
SR189",https://www.majorpowersports.com/New-Inventory-2021-SSR-Motorsports-Motorcycle-Scooter-SR189-Major-Powersports-11410723?ref=list
1652348583-7735,https://www.majorpowersports.com/,"New
							Inventory
						
						
							.01",https://www.majorpowersports.com/default.asp?page=xNewInventory,SR113075,2021,SSR Motorsports,SR110 DX,null,,null,null,null,null,L6JYGHL30MC113075,null,null,null,"$1,059",[],null,,Motorcycle / Scooter,null,null,,"2021
SSR Motorsports 
SR110 DX",https://www.majorpowersports.com/New-Inventory-2021-SSR-Motorsports-Motorcycle-Scooter-SR110-DX-Major-Powersports-11665475?ref=list
1652348721-7781,https://www.majorpowersports.com/,"New
							Inventory
						
						
							.01",https://www.majorpowersports.com/default.asp?page=xNewInventory,BED29226,2022,Benelli,TNT135,null,,null,"Single cylinder, 4 stroke, oil cooled, 4 valves per cylinder, SOHC, double spark",null,null,LBBPEA079NBD29226,null,null,null,"$2,999","[{""photo urls"":"""",""photo urls-src"":""https://cdn.dealerspike.com/imglib/v1/200x150/imglib/trimsdb/17770181-0-111716521.jpg""}]",null,,Motorcycle / Scooter,null,null,,"2022
Benelli 
TNT135",https://www.majorpowersports.com/New-Inventory-2022-Benelli-Motorcycle-Scooter-TNT135-Major-Powersports-11665481?ref=list
1652348732-7785,https://www.majorpowersports.com/,"New
							Inventory
						
						
							.01",https://www.majorpowersports.com/default.asp?page=xNewInventory,BED45363,2022,Benelli,Leoncino Trail,null,,null,"Inline 2 cylinder, 4-stroke, 4 valves per cylinder, DOHC",null,null,LBBPHF066NBD45363,null,null,null,"$7,199","[{""photo urls"":"""",""photo urls-src"":""https://cdn.dealerspike.com/imglib/v1/200x150/imglib/Assets/Inventory/F3/8B/F38BFA64-A18B-4346-949B-748DFBB7A879.jpg""}]",null,,Motorcycle / Scooter,null,null,,"2022
Benelli 
Leoncino Trail",https://www.majorpowersports.com/New-Inventory-2022-Benelli-Motorcycle-Scooter-Leoncino-Trail-Major-Powersports-11661228?ref=list
1652348501-7713,https://www.majorpowersports.com/,"Pre-Owned
							Inventory
						
						
							.02",https://www.majorpowersports.com/default.asp?page=xPreOwnedInventory,HO300700,2020,Honda®,Rebel 500 ABS,null,,Six-Speed,Parallel-twin four-stroke,Six-Speed,null,MLHPC5650L5300700,5332 mi,"Matte Armored Silver, Graphite Black, Matte Blue Jeans Metallic",null,"$7,495","[{""photo urls"":"""",""photo urls-src"":""https://cdn.dealerspike.com/imglib/v1/200x150/imglib/Assets/Inventory/D0/76/D076F822-8361-487E-A4A6-97236440DFE8.jpg""},{""photo urls"":"""",""photo urls-src"":""https://cdn.dealerspike.com/imglib/v1/200x150/imglib/Assets/Inventory/BD/0E/BD0EEEBC-7037-4CD6-BD0B-457B960E1932.jpg""},{""photo urls"":"""",""photo urls-src"":""https://cdn.dealerspike.com/imglib/v1/200x150/imglib/Assets/Inventory/AC/35/AC354BD6-687E-44ED-A38A-1E08DEA99E27.jpg""},{""photo urls"":"""",""photo urls-src"":""https://cdn.dealerspike.com/imglib/v1/200x150/imglib/Assets/Inventory/68/B9/68B93EE0-F4D3-45F6-8402-48ABDEA505F6.jpg""}]",null,,Motorcycle / Scooter,null,null,,"2020
Honda® 
Rebel 500 ABS",https://www.majorpowersports.com/Pre-owned-Inventory-2020-Honda-Motorcycle-Scooter-Rebel-500-ABS-Major-Powersports-11955458?ref=list
1652348516-7718,https://www.majorpowersports.com/,"Pre-Owned
							Inventory
						
						
							.02",https://www.majorpowersports.com/default.asp?page=xPreOwnedInventory,KA015190,2021,Kawasaki,Ninja® ZX™-6R ABS KRT Edition,null,,"6-speed, return shift","4-stroke, In-Line Four, DOHC, 16-valve","6-speed, return shift",null,JKBZXJG19MA015190,2430 mi,Lime Green / Ebony / Pearl Blizzard White,null,"$12,995","[{""photo urls"":"""",""photo urls-src"":""https://cdn.dealerspike.com/imglib/v1/200x150/imglib/Assets/Inventory/50/0A/500A9CD2-7493-421E-BC87-8E84813E5B36.jpg""},{""photo urls"":"""",""photo urls-src"":""https://cdn.dealerspike.com/imglib/v1/200x150/imglib/Assets/Inventory/9F/E2/9FE2FBAE-CCFA-4615-8AE1-70CD397A14F8.jpg""},{""photo urls"":"""",""photo urls-src"":""https://cdn.dealerspike.com/imglib/v1/200x150/imglib/Assets/Inventory/E8/C3/E8C3A811-4D30-4BFA-94A8-045F1206AE85.jpg""},{""photo urls"":"""",""photo urls-src"":""https://cdn.dealerspike.com/imglib/v1/200x150/imglib/Assets/Inventory/57/4C/574CE126-5D72-48CC-994D-48CA3CB50BAF.jpg""}]",null,,Motorcycle / Scooter,null,null,,"2021
Kawasaki 
Ninja® ZX™-6R ABS KRT Edition",https://www.majorpowersports.com/Pre-owned-Inventory-2021-Kawasaki-Motorcycle-Scooter-Ninja-ZX-6R-ABS-KRT-Edition-Major-Powersports-11840129?ref=list
1652348498-7712,https://www.majorpowersports.com/,"Pre-Owned
							Inventory
						
						
							.02",https://www.majorpowersports.com/default.asp?page=xPreOwnedInventory,HO100071,2020,Honda®,Shadow Phantom,null,,Wide-ratio five-speed,52° V-twin,Wide-ratio five-speed,null,JH2RC538XLK100071,675 mi,"Black, Matte Pearl White",null,"$7,995","[{""photo urls"":"""",""photo urls-src"":""https://cdn.dealerspike.com/imglib/v1/200x150/imglib/Assets/Inventory/E8/29/E829382F-F2F9-4785-8DCC-7893C06E6F17.jpg""},{""photo urls"":"""",""photo urls-src"":""https://cdn.dealerspike.com/imglib/v1/200x150/imglib/Assets/Inventory/D1/B5/D1B55C7D-26EC-4FA8-ADCE-018D31444A5F.jpg""},{""photo urls"":"""",""photo urls-src"":""https://cdn.dealerspike.com/imglib/v1/200x150/imglib/Assets/Inventory/C4/34/C43473D1-2BCD-488E-BE24-909BF33FD69D.jpg""}]",null,,Motorcycle / Scooter,null,null,,"2020
Honda® 
Shadow Phantom",https://www.majorpowersports.com/Pre-owned-Inventory-2020-Honda-Motorcycle-Scooter-Shadow-Phantom-Major-Powersports-11826213?ref=list
1652348617-7747,https://www.majorpowersports.com/,"New
							Inventory
						
						
							.01",https://www.majorpowersports.com/default.asp?page=xNewInventory,SR001187,2022,SSR Motorsports,SR 110 Semi,null,,null,null,null,null,L3BSGJH35N0001187,null,null,null,$999,[],null,,Motorcycle / Scooter,null,null,,"2022
SSR Motorsports 
SR 110 Semi",https://www.majorpowersports.com/New-Inventory-2022-SSR-Motorsports-Motorcycle-Scooter-SR-110-Semi-Major-Powersports-12049485?ref=list
1652348462-7700,https://www.majorpowersports.com/,"Pre-Owned
							Inventory
						
						
							.02",https://www.majorpowersports.com/default.asp?page=xPreOwnedInventory,HA423861,2017,Harley-Davidson®,XL883N - Iron 883™,null,,null,null,null,null,1HD4LE239HC423861,null,null,null,"$8,995","[{""photo urls"":"""",""photo urls-src"":""https://cdn.dealerspike.com/imglib/v1/200x150/imglib/Assets/Inventory/FE/89/FE893716-E486-4217-9A0A-1C5294196FB0.jpg""},{""photo urls"":"""",""photo urls-src"":""https://cdn.dealerspike.com/imglib/v1/200x150/imglib/Assets/Inventory/01/41/0141C61B-31B6-4B25-B6DA-155FE84FAC0E.jpg""},{""photo urls"":"""",""photo urls-src"":""https://cdn.dealerspike.com/imglib/v1/200x150/imglib/Assets/Inventory/08/3B/083BC91C-866E-4321-A56F-C3775819D44E.jpg""},{""photo urls"":"""",""photo urls-src"":""https://cdn.dealerspike.com/imglib/v1/200x150/imglib/Assets/Inventory/CD/9B/CD9B8746-FF1D-4915-B188-13341ABE5B27.jpg""}]",null,,Motorcycle / Scooter,null,null,,"2017
Harley-Davidson® 
XL883N - Iron 883™",https://www.majorpowersports.com/Pre-owned-Inventory-2017-Harley-Davidson-Motorcycle-Scooter-XL883N-Iron-883-Sportster-Major-Powersports-11695264?ref=list
1652348495-7711,https://www.majorpowersports.com/,"Pre-Owned
							Inventory
						
						
							.02",https://www.majorpowersports.com/default.asp?page=xPreOwnedInventory,KA009193,2020,Kawasaki,Ninja® ZX™-6R ABS KRT Edition,null,,"6-speed, return shift","4-stroke, 4-cylinder, DOHC, 16-valve","6-speed, return shift",null,JKBZXJG19LA009193,7880 mi,Lime Green/Ebony,null,"$11,995","[{""photo urls"":"""",""photo urls-src"":""https://cdn.dealerspike.com/imglib/v1/200x150/imglib/Assets/Inventory/88/06/88065ED5-C844-4FA0-BE26-89D644D6600B.jpg""},{""photo urls"":"""",""photo urls-src"":""https://cdn.dealerspike.com/imglib/v1/200x150/imglib/Assets/Inventory/8C/40/8C40D9AD-BF48-4BDD-92AA-DE4EC87E686C.jpg""},{""photo urls"":"""",""photo urls-src"":""https://cdn.dealerspike.com/imglib/v1/200x150/imglib/Assets/Inventory/D1/4B/D14BC485-4088-4F22-B583-440D74A4EC2A.jpg""},{""photo urls"":"""",""photo urls-src"":""https://cdn.dealerspike.com/imglib/v1/200x150/imglib/Assets/Inventory/73/2D/732D1862-20E8-4BC1-B248-15F834000D8A.jpg""},{""photo urls"":"""",""photo urls-src"":""https://cdn.dealerspike.com/imglib/v1/200x150/imglib/Assets/Inventory/C9/84/C984B8D2-9FC5-42B7-87D7-0D31E1FDB488.jpg""}]",null,,Motorcycle / Scooter,null,null,,"2020
Kawasaki 
Ninja® ZX™-6R ABS KRT Edition",https://www.majorpowersports.com/Pre-owned-Inventory-2020-Kawasaki-Motorcycle-Scooter-Ninja-ZX-6R-ABS-KRT-Edition-Major-Powersports-11840124?ref=list
1652348698-7773,https://www.majorpowersports.com/,"New
							Inventory
						
						
							.01",https://www.majorpowersports.com/default.asp?page=xNewInventory,SR100876,2022,SSR Motorsports,SR125TR,null,,4-up Manual,"YX™, Single Cylinder, 4 Stroke",4-up Manual,null,L6JYGJL31NC100876,null,"Black, White",null,"$1,739","[{""photo urls"":"""",""photo urls-src"":""https://cdn.dealerspike.com/imglib/v1/200x150/imglib/trimsdb/18374011-0-114828151.jpg""}]",null,,Motorcycle / Scooter,null,null,,"2022
SSR Motorsports 
SR125TR",https://www.majorpowersports.com/New-Inventory-2022-SSR-Motorsports-Motorcycle-Scooter-SR125TR-Major-Powersports-11816178?ref=list
1652348474-7704,https://www.majorpowersports.com/,"Pre-Owned
							Inventory
						
						
							.02",https://www.majorpowersports.com/default.asp?page=xPreOwnedInventory,KA014480,2018,Kawasaki,Vulcan® 1700 Vaquero® ABS,null,,6-speed with overdrive and positive neutral finder,null,6-speed with overdrive and positive neutral finder,null,JKBVNRK15JA014480,3011 mi,Metallic Spark Black,null,"$14,995","[{""photo urls"":"""",""photo urls-src"":""https://cdn.dealerspike.com/imglib/v1/200x150/imglib/Assets/Inventory/B8/D3/B8D30CDC-60CC-4E88-8211-2B982E0285B2.jpg""},{""photo urls"":"""",""photo urls-src"":""https://cdn.dealerspike.com/imglib/v1/200x150/imglib/Assets/Inventory/7C/CF/7CCFCA61-C8CB-4A37-A29E-6E2BEEAF87E0.jpg""},{""photo urls"":"""",""photo urls-src"":""https://cdn.dealerspike.com/imglib/v1/200x150/imglib/Assets/Inventory/57/10/5710FFDE-58B6-4893-981B-C72C9B1EC957.jpg""},{""photo urls"":"""",""photo urls-src"":""https://cdn.dealerspike.com/imglib/v1/200x150/imglib/Assets/Inventory/EF/29/EF293962-A3CF-4252-AF96-409566B767C9.jpg""},{""photo urls"":"""",""photo urls-src"":""https://cdn.dealerspike.com/imglib/v1/200x150/imglib/Assets/Inventory/63/25/63253B00-E253-4E67-BA69-65F675CB4279.jpg""},{""photo urls"":"""",""photo urls-src"":""https://cdn.dealerspike.com/imglib/v1/200x150/imglib/Assets/Inventory/83/7E/837E4287-84DF-4EE3-987F-1541C9D03970.jpg""}]",null,,Motorcycle / Scooter,null,null,,"2018
Kawasaki 
Vulcan® 1700 Vaquero® ABS",https://www.majorpowersports.com/Pre-owned-Inventory-2018-Kawasaki-Motorcycle-Scooter-Vulcan-1700-Vaquero-ABS-Major-Powersports-11456563?ref=list
1652348644-7754,https://www.majorpowersports.com/,"New
							Inventory
						
						
							.01",https://www.majorpowersports.com/default.asp?page=xNewInventory,SR101286,2021,SSR Motorsports,SR110DX,null,,4-up Manual,"YX™, Single Cylinder, 4 Stroke",4-up Manual,null,SYMYH3131M1101286,1,"Red, Blue, Green, Orange, Black, White",null,"$1,059","[{""photo urls"":"""",""photo urls-src"":""https://cdn.dealerspike.com/imglib/v1/200x150/imglib/trimsdb/15731341-0-101850751.jpg""}]",null,,Motorcycle / Scooter,null,null,,"2021
SSR Motorsports 
SR110DX",https://www.majorpowersports.com/New-Inventory-2021-SSR-Motorsports-Motorcycle-Scooter-SR110DX-Major-Powersports-11410712?ref=list
1652348606-7743,https://www.majorpowersports.com/,"New
							Inventory
						
						
							.01",https://www.majorpowersports.com/default.asp?page=xNewInventory,SR100765,2022,SSR Motorsports,SR140TR-BW,null,,null,null,null,null,L6JYGKL36NC100765,1,null,null,"$2,059",[],null,,Motorcycle / Scooter,null,null,,"2022
SSR Motorsports 
SR140TR-BW",https://www.majorpowersports.com/New-Inventory-2022-SSR-Motorsports-Motorcycle-Scooter-SR140TR-BW-Major-Powersports-11386041?ref=list
1652348459-7699,https://www.majorpowersports.com/,"Pre-Owned
							Inventory
						
						
							.02",https://www.majorpowersports.com/default.asp?page=xPreOwnedInventory,HA435014,2017,Harley-Davidson®,XL883N - Iron 883™,null,,null,null,null,null,1HD4LE218HC435014,3431 mi,null,null,"$7,995","[{""photo urls"":"""",""photo urls-src"":""https://cdn.dealerspike.com/imglib/v1/200x150/imglib/Assets/Inventory/B9/35/B9354B8B-8F2B-460E-84EF-A5AE85883E69.jpg""},{""photo urls"":"""",""photo urls-src"":""https://cdn.dealerspike.com/imglib/v1/200x150/imglib/Assets/Inventory/05/BE/05BE8F96-0311-4A45-A706-F410B641F763.jpg""},{""photo urls"":"""",""photo urls-src"":""https://cdn.dealerspike.com/imglib/v1/200x150/imglib/Assets/Inventory/42/6B/426BED84-6FF3-4FEE-A04E-B910E1205F24.jpg""}]",null,,Motorcycle / Scooter,null,null,,"2017
Harley-Davidson® 
XL883N - Iron 883™",https://www.majorpowersports.com/Pre-owned-Inventory-2017-Harley-Davidson-Motorcycle-Scooter-XL883N-Iron-883-Sportster-Major-Powersports-11932496?ref=list
1652348396-7678,https://www.majorpowersports.com/,"Pre-Owned
							Inventory
						
						
							.02",https://www.majorpowersports.com/default.asp?page=xPreOwnedInventory,SR104738,2021,SSR Motorsports,SR125,null,,4-up Manual,"YX™, Single Cylinder, 4 Stroke",4-up Manual,null,SYMYJ3138M1104738,1,"Red, Blue, Green, Orange, Black, White",null,"$1,359","[{""photo urls"":"""",""photo urls-src"":""https://cdn.dealerspike.com/imglib/v1/200x150/imglib/trimsdb/15730141-0-101847921.jpg""}]",null,,Motorcycle / Scooter,null,null,,"2021
SSR Motorsports 
SR125",https://www.majorpowersports.com/New-Inventory-2021-SSR-Motorsports-Motorcycle-Scooter-SR125-Major-Powersports-11410746?ref=list
1652348492-7710,https://www.majorpowersports.com/,"Pre-Owned
							Inventory
						
						
							.02",https://www.majorpowersports.com/default.asp?page=xPreOwnedInventory,SU100122,2020,Suzuki,GSX-R1000,null,,6-speed constant mesh,null,6-speed constant mesh,null,JS1DM11B6L7100122,1035 mi,Glass Sparkle Black/Metallic Matte Black No. 2 or Pearl Glacier White/Glass Sparkle Black,null,"$18,995","[{""photo urls"":"""",""photo urls-src"":""https://cdn.dealerspike.com/imglib/v1/200x150/imglib/Assets/Inventory/63/71/63719C87-3532-42E9-B113-DDC101ED995C.jpg""},{""photo urls"":"""",""photo urls-src"":""https://cdn.dealerspike.com/imglib/v1/200x150/imglib/Assets/Inventory/CA/A6/CAA6F0F0-2A8D-47AC-8952-89FA9FC88A1A.jpg""},{""photo urls"":"""",""photo urls-src"":""https://cdn.dealerspike.com/imglib/v1/200x150/imglib/Assets/Inventory/E5/AB/E5AB01BF-8DF8-48C0-A892-03F22348E828.jpg""},{""photo urls"":"""",""photo urls-src"":""https://cdn.dealerspike.com/imglib/v1/200x150/imglib/Assets/Inventory/87/28/872896FC-439A-42E6-90F5-11B2C6EFF43C.jpg""}]",null,,Motorcycle / Scooter,null,null,,"2020
Suzuki 
GSX-R1000",https://www.majorpowersports.com/Pre-owned-Inventory-2020-Suzuki-Motorcycle-Scooter-GSX-R1000-Major-Powersports-12014609?ref=list
1652348489-7709,https://www.majorpowersports.com/,"Pre-Owned
							Inventory
						
						
							.02",https://www.majorpowersports.com/default.asp?page=xPreOwnedInventory,SU100756,2020,Suzuki,GSX-R600,null,,6-speed constant mesh,null,6-speed constant mesh,null,JS1GN7FA7L7100756,1327,Glass Sparkle Black or Pearl Glacier White,null,"$12,495","[{""photo urls"":"""",""photo urls-src"":""https://cdn.dealerspike.com/imglib/v1/200x150/imglib/Assets/Inventory/8D/05/8D05FBC6-2423-421D-B894-12E22694E5E2.jpg""},{""photo urls"":"""",""photo urls-src"":""https://cdn.dealerspike.com/imglib/v1/200x150/imglib/Assets/Inventory/D6/41/D64167BC-104F-4104-946E-ED3D3BCD8781.jpg""},{""photo urls"":"""",""photo urls-src"":""https://cdn.dealerspike.com/imglib/v1/200x150/imglib/Assets/Inventory/D6/74/D6741349-5424-4D48-8DA7-1559D77714D0.jpg""}]",null,,Motorcycle / Scooter,null,null,,"2020
Suzuki 
GSX-R600",https://www.majorpowersports.com/Pre-owned-Inventory-2020-Suzuki-Motorcycle-Scooter-GSX-R600-Major-Powersports-11676361?ref=list
1652348689-7770,https://www.majorpowersports.com/,"New
							Inventory
						
						
							.01",https://www.majorpowersports.com/default.asp?page=xNewInventory,sr003795,2022,SSR Motorsports,SR189,null,,"5-speed Manual; 1-down, 4-up","Single Cylinder, 4 Stroke","5-speed Manual; 1-down, 4-up",null,L3BSEKA38N0003795,null,"White, Blue",null,"$2,799","[{""photo urls"":"""",""photo urls-src"":""https://cdn.dealerspike.com/imglib/v1/200x150/imglib/trimsdb/18379691-0-114852791.jpg""}]",null,,Motorcycle / Scooter,null,null,,"2022
SSR Motorsports 
SR189",https://www.majorpowersports.com/New-Inventory-2022-SSR-Motorsports-Motorcycle-Scooter-SR189-Major-Powersports-12086054?ref=list
1652348647-7755,https://www.majorpowersports.com/,"New
							Inventory
						
						
							.01",https://www.majorpowersports.com/default.asp?page=xNewInventory,BEC16935,2021,Benelli,TNT135,null,,null,"Single cylinder, 4 stroke, oil cooled 4 valves, single overhead camshaft (SOHC), double spark",null,null,LBBPEA035MBC16935,null,null,null,"$2,999","[{""photo urls"":"""",""photo urls-src"":""https://cdn.dealerspike.com/imglib/v1/200x150/imglib/trimsdb/15477661-0-100462491.jpg""}]",null,,Motorcycle / Scooter,null,null,,"2021
Benelli 
TNT135",https://www.majorpowersports.com/New-Inventory-2021-Benelli-Motorcycle-Scooter-TNT135-Major-Powersports-11665492?ref=list
1652348594-7739,https://www.majorpowersports.com/,"New
							Inventory
						
						
							.01",https://www.majorpowersports.com/default.asp?page=xNewInventory,SR100733,2021,SSR Motorsports,SR 70 Auto,null,,null,null,null,null,SYMYD3131M1100733,null,null,null,$929,[],null,,Motorcycle / Scooter,null,null,,"2021
SSR Motorsports 
SR 70 Auto",https://www.majorpowersports.com/New-Inventory-2021-SSR-Motorsports-Motorcycle-Scooter-SR-70-Auto-Major-Powersports-11717726?ref=list
1652348591-7738,https://www.majorpowersports.com/,"New
							Inventory
						
						
							.01",https://www.majorpowersports.com/default.asp?page=xNewInventory,SR101539,2021,SSR Motorsports,SR110 DX,null,,null,null,null,null,SYMYH3134M1101539,null,null,null,"$1,059",[],null,,Motorcycle / Scooter,null,null,,"2021
SSR Motorsports 
SR110 DX",https://www.majorpowersports.com/New-Inventory-2021-SSR-Motorsports-Motorcycle-Scooter-SR110-DX-Major-Powersports-11665489?ref=list
1652348710-7777,https://www.majorpowersports.com/,"New
							Inventory
						
						
							.01",https://www.majorpowersports.com/default.asp?page=xNewInventory,BED13680,2022,Benelli,TNT135,null,,null,"Single cylinder, 4 stroke, oil cooled, 4 valves per cylinder, SOHC, double spark",null,null,LBBPEA076NBD13680,null,null,null,"$2,999","[{""photo urls"":"""",""photo urls-src"":""https://cdn.dealerspike.com/imglib/v1/200x150/imglib/trimsdb/17770181-0-111716521.jpg""}]",null,,Motorcycle / Scooter,null,null,,"2022
Benelli 
TNT135",https://www.majorpowersports.com/New-Inventory-2022-Benelli-Motorcycle-Scooter-TNT135-Major-Powersports-10807691?ref=list
1652348704-7775,https://www.majorpowersports.com/,"New
							Inventory
						
						
							.01",https://www.majorpowersports.com/default.asp?page=xNewInventory,SR100847,2022,SSR Motorsports,SR125,null,,4-up Manual,"YX™, Single Cylinder, 4 Stroke",4-up Manual,null,SYMYJ3134M1100847,null,"Red, Blue, Green, Orange, Black, White",null,"$1,359","[{""photo urls"":"""",""photo urls-src"":""https://cdn.dealerspike.com/imglib/v1/200x150/imglib/trimsdb/18372751-0-114824291.jpg""}]",null,,Motorcycle / Scooter,null,null,,"2022
SSR Motorsports 
SR125",https://www.majorpowersports.com/New-Inventory-2022-SSR-Motorsports-Motorcycle-Scooter-SR125-Major-Powersports-11661240?ref=list
1652348418-7685,https://www.majorpowersports.com/,"Pre-Owned
							Inventory
						
						
							.02",https://www.majorpowersports.com/default.asp?page=xPreOwnedInventory,KA006239,2013,Kawasaki,Ninja® 1000 ABS,null,,Six-speed,null,Six-speed,null,JKAZXCH130A006239,21320 mi,"Metallic Spark Black / Metallic Flat Micron Gray, Candy Lime Green / Ebony",null,"$7,495","[{""photo urls"":"""",""photo urls-src"":""https://cdn.dealerspike.com/imglib/v1/200x150/imglib/Assets/Inventory/C0/FF/C0FFDEB6-8DC6-411D-814B-FB859C9E750E.jpg""},{""photo urls"":"""",""photo urls-src"":""https://cdn.dealerspike.com/imglib/v1/200x150/imglib/Assets/Inventory/BB/E1/BBE10AE4-FB3D-4A43-87E5-ACACE151E3E1.jpg""}]",null,,Motorcycle / Scooter,null,null,,"2013
Kawasaki 
Ninja® 1000 ABS",https://www.majorpowersports.com/Pre-owned-Inventory-2013-Kawasaki-Motorcycle-Scooter-Ninja-1000-ABS-Major-Powersports-11914792?ref=list
1652348454-7697,https://www.majorpowersports.com/,"Pre-Owned
							Inventory
						
						
							.02",https://www.majorpowersports.com/default.asp?page=xPreOwnedInventory,KA008480,2017,Kawasaki,Ninja® ZX™-10R ABS,null,,"6-speed, return shift",null,"6-speed, return shift",null,JKAZXCS19HA008480,null,Pearl Blizzard White/Metallic Flat Raw Titanium,null,"$12,995","[{""photo urls"":"""",""photo urls-src"":""https://cdn.dealerspike.com/imglib/v1/200x150/imglib/trimsdb/5159711-0-20436621.jpg""}]",null,,Motorcycle / Scooter,null,null,,"2017
Kawasaki 
Ninja® ZX™-10R ABS",https://www.majorpowersports.com/Pre-owned-Inventory-2017-Kawasaki-Motorcycle-Scooter-Ninja-ZX-10R-ABS-Major-Powersports-11914790?ref=list
1652348446-7694,https://www.majorpowersports.com/,"Pre-Owned
							Inventory
						
						
							.02",https://www.majorpowersports.com/default.asp?page=xPreOwnedInventory,BM696436,2016,BMW,S 1000 R Racing Red,null,,"Multiplate clutch in oil bath, anti-hopping clutch, mechanically controlled","Liquid-cooled 4-stroke in-line 4-cylinder engine, four valves per cylinder, double overhead camshafts, wet sump lubrication","Multiplate clutch in oil bath, anti-hopping clutch, mechanically controlled",null,WB10D1204GZ696436,5792,null,null,"$11,695","[{""photo urls"":"""",""photo urls-src"":""https://cdn.dealerspike.com/imglib/v1/200x150/imglib/Assets/Inventory/C9/C4/C9C46A82-B6E1-439D-8C80-B555D709BDCF.jpg""},{""photo urls"":"""",""photo urls-src"":""https://cdn.dealerspike.com/imglib/v1/200x150/imglib/Assets/Inventory/00/AB/00AB2293-510E-432D-80A1-3334D17D55FC.jpg""},{""photo urls"":"""",""photo urls-src"":""https://cdn.dealerspike.com/imglib/v1/200x150/imglib/Assets/Inventory/FF/E6/FFE6B293-BAF9-427F-9222-498B6B2E5B25.jpg""},{""photo urls"":"""",""photo urls-src"":""https://cdn.dealerspike.com/imglib/v1/200x150/imglib/Assets/Inventory/F3/7B/F37B5D5C-C9E5-4423-AF0A-54A796134A43.jpg""}]",null,,Motorcycle / Scooter,null,null,,"2016
BMW 
S 1000 R Racing Red",https://www.majorpowersports.com/Pre-owned-Inventory-2016-BMW-Motorcycle-Scooter-S-1000-R-Racing-Red-Major-Powersports-11456568?ref=list
1652348432-7690,https://www.majorpowersports.com/,"Pre-Owned
							Inventory
						
						
							.02",https://www.majorpowersports.com/default.asp?page=xPreOwnedInventory,KT936978,2016,KTM,1290 Super Duke R,null,,6-speed,"2-cylinder, 4-stroke, V 75°",6-speed,null,VBKV3940XGM936978,5215 mi,null,null,"$13,495","[{""photo urls"":"""",""photo urls-src"":""https://cdn.dealerspike.com/imglib/v1/200x150/imglib/Assets/Inventory/89/3D/893D3C9D-3FEB-4447-9ECE-311F48606FDF.jpg""},{""photo urls"":"""",""photo urls-src"":""https://cdn.dealerspike.com/imglib/v1/200x150/imglib/Assets/Inventory/AA/7F/AA7FA0D4-D240-4296-BF98-0EE7837E79BA.jpg""},{""photo urls"":"""",""photo urls-src"":""https://cdn.dealerspike.com/imglib/v1/200x150/imglib/Assets/Inventory/FA/1A/FA1A6C44-6691-4E93-9BB6-01B951E8BC12.jpg""},{""photo urls"":"""",""photo urls-src"":""https://cdn.dealerspike.com/imglib/v1/200x150/imglib/Assets/Inventory/73/6B/736B0FA1-5704-453F-B2CE-349DD0484E6B.jpg""}]",null,,Motorcycle / Scooter,null,null,,"2016
KTM 
1290 Super Duke R",https://www.majorpowersports.com/Pre-owned-Inventory-2016-KTM-Motorcycle-Scooter-1290-Super-Duke-R-Major-Powersports-11955452?ref=list
1652348718-7780,https://www.majorpowersports.com/,"New
							Inventory
						
						
							.01",https://www.majorpowersports.com/default.asp?page=xNewInventory,BED13664,2022,Benelli,TNT135,null,,null,"Single cylinder, 4 stroke, oil cooled, 4 valves per cylinder, SOHC, double spark",null,null,LBBPEA078NBD13664,null,null,null,"$2,999","[{""photo urls"":"""",""photo urls-src"":""https://cdn.dealerspike.com/imglib/v1/200x150/imglib/trimsdb/17770181-0-111716521.jpg""}]",null,,Motorcycle / Scooter,null,null,,"2022
Benelli 
TNT135",https://www.majorpowersports.com/New-Inventory-2022-Benelli-Motorcycle-Scooter-TNT135-Major-Powersports-10807686?ref=list
1652348477-7705,https://www.majorpowersports.com/,"Pre-Owned
							Inventory
						
						
							.02",https://www.majorpowersports.com/default.asp?page=xPreOwnedInventory,YA002536,2019,Yamaha,YZF-R3,null,,6-speed; multiplate clutch,DOHC inline twin-cylinder; 8 valves,6-speed; multiplate clutch,null,MH3RH17Y2KK002536,10042 mi,null,null,"$6,295","[{""photo urls"":"""",""photo urls-src"":""https://cdn.dealerspike.com/imglib/v1/200x150/imglib/Assets/Inventory/CD/A2/CDA23285-4477-4433-9072-B132CEE5AE1E.jpg""},{""photo urls"":"""",""photo urls-src"":""https://cdn.dealerspike.com/imglib/v1/200x150/imglib/Assets/Inventory/19/ED/19ED586D-F985-446F-84CA-08DBB9AE7B2C.jpg""},{""photo urls"":"""",""photo urls-src"":""https://cdn.dealerspike.com/imglib/v1/200x150/imglib/Assets/Inventory/CB/70/CB7018B5-F1F8-4200-97BF-EA468C3867C5.jpg""}]",null,,Motorcycle / Scooter,null,null,,"2019
Yamaha 
YZF-R3",https://www.majorpowersports.com/Pre-owned-Inventory-2019-Yamaha-Motorcycle-Scooter-YZF-R3-Major-Powersports-11955459?ref=list
1652348638-7752,https://www.majorpowersports.com/,"New
							Inventory
						
						
							.01",https://www.majorpowersports.com/default.asp?page=xNewInventory,BED27368,2022,Benelli,TNT 135,null,,null,null,null,null,LBBPEA078NBD27368,null,null,null,"$2,999",[],null,,Motorcycle / Scooter,null,null,,"2022
Benelli 
TNT 135",https://www.majorpowersports.com/New-Inventory-2022-Benelli-Motorcycle-Scooter-TNT-135-Major-Powersports-11661226?ref=list
1652348387-7676,https://www.majorpowersports.com/,"Pre-Owned
							Inventory
						
						
							.02",https://www.majorpowersports.com/default.asp?page=xPreOwnedInventory,SR008519,2021,SSR Motorsports,SR150,null,,"5-speed Manual; 1-down, 4-up","4 Stroke, Single Cylinder","5-speed Manual; 1-down, 4-up",null,L3BSEKA30M0008519,1,"White, Blue",null,"$2,459","[{""photo urls"":"""",""photo urls-src"":""https://cdn.dealerspike.com/imglib/v1/200x150/imglib/trimsdb/15465541-0-100403841.jpg""}]",null,,Motorcycle / Scooter,null,null,,"2021
SSR Motorsports 
SR150",https://www.majorpowersports.com/New-Inventory-2021-SSR-Motorsports-Motorcycle-Scooter-SR150-Major-Powersports-11246461?ref=list
1652348468-7702,https://www.majorpowersports.com/,"Pre-Owned
							Inventory
						
						
							.02",https://www.majorpowersports.com/default.asp?page=xPreOwnedInventory,CA003141,2017,Can-Am®,Maverick™ X3 X™ DS Turbo R,null,,"Quick Response System X (QRS-X) CVT with high airflow, L / H / N / R/ P","154 hp, Rotax ACE (Advanced Combustion Efficiency) 900 cc Turbocharged Triple-cylinder engine, liquid cooled with integrated intercooler and Donaldson† high-performance air filter","Quick Response System X (QRS-X) CVT with high airflow, L / H / N / R/ P",null,3JBUBAW2XHK000314,917 mi,null,null,"$27,995","[{""photo urls"":"""",""photo urls-src"":""https://cdn.dealerspike.com/imglib/v1/200x150/imglib/Assets/Inventory/59/E0/59E0E0E6-E0F3-4868-B888-074A58975033.jpg""},{""photo urls"":"""",""photo urls-src"":""https://cdn.dealerspike.com/imglib/v1/200x150/imglib/Assets/Inventory/92/3B/923B2AEA-A688-4885-B86B-97D47FE18C33.jpg""},{""photo urls"":"""",""photo urls-src"":""https://cdn.dealerspike.com/imglib/v1/200x150/imglib/Assets/Inventory/74/D2/74D20667-C98E-4457-83D9-03C025FDEC45.jpg""},{""photo urls"":"""",""photo urls-src"":""https://cdn.dealerspike.com/imglib/v1/200x150/imglib/Assets/Inventory/B7/3F/B73F49F1-3B7D-4CE6-80CC-4E163974273B.jpg""},{""photo urls"":"""",""photo urls-src"":""https://cdn.dealerspike.com/imglib/v1/200x150/imglib/Assets/Inventory/E9/04/E9046351-013D-40E5-A83D-87C73CB93250.jpg""},{""photo urls"":"""",""photo urls-src"":""https://cdn.dealerspike.com/imglib/v1/200x150/imglib/Assets/Inventory/C9/42/C942C215-729B-47B6-9280-166526846D43.jpg""},{""photo urls"":"""",""photo urls-src"":""https://cdn.dealerspike.com/imglib/v1/200x150/imglib/Assets/Inventory/57/D9/57D99642-BA75-4632-985D-E1F72B31CAC4.jpg""}]",null,,Utility Vehicle,null,null,,"2017
Can-Am® 
Maverick™ X3 X™ DS Turbo R",https://www.majorpowersports.com/Pre-owned-Inventory-2017-Can-Am-Utility-Vehicle-Maverick-X3-X-DS-Turbo-R-Major-Powersports-12049481?ref=list
1652348507-7715,https://www.majorpowersports.com/,"Pre-Owned
							Inventory
						
						
							.02",https://www.majorpowersports.com/default.asp?page=xPreOwnedInventory,ZEC16715,2021,Zero,FX ZF7.2,null,,Clutchless direct drive,null,Clutchless direct drive,null,538XXDZ44MCC16715,452 mi,null,null,"$9,999","[{""photo urls"":"""",""photo urls-src"":""https://cdn.dealerspike.com/imglib/v1/200x150/imglib/trimsdb/15822361-0-102384421.jpg""}]",null,,Motorcycle / Scooter,null,null,,"2021
Zero 
FX ZF7.2",https://www.majorpowersports.com/Pre-owned-Inventory-2021-Zero-Motorcycle-Scooter-FX-ZF7-2-Major-Powersports-11868873?ref=list
1652348415-7684,https://www.majorpowersports.com/,"Pre-Owned
							Inventory
						
						
							.02",https://www.majorpowersports.com/default.asp?page=xPreOwnedInventory,KAA43398,2012,Kawasaki,KLR™650,null,,Five-speed,null,Five-speed,null,JKAKLEE13CDA43398,10892 mi,"Metallic Flat Raw Graystone / Ebony, Candy Persimmon Red / Galaxy Silver, Metallic Imperial Blue / Pearl Stardust White",null,"$5,995","[{""photo urls"":"""",""photo urls-src"":""https://cdn.dealerspike.com/imglib/v1/200x150/imglib/Assets/Inventory/41/C0/41C0BF64-402B-44FD-915A-B1D3D57E3C50.jpg""},{""photo urls"":"""",""photo urls-src"":""https://cdn.dealerspike.com/imglib/v1/200x150/imglib/Assets/Inventory/5A/13/5A130375-D572-4953-8D83-3D6FB0249EBF.jpg""},{""photo urls"":"""",""photo urls-src"":""https://cdn.dealerspike.com/imglib/v1/200x150/imglib/Assets/Inventory/EA/EF/EAEFA7BF-7D4A-42DA-AEDC-2C91FDDFF5F6.jpg""}]",null,,Motorcycle / Scooter,null,null,,"2012
Kawasaki 
KLR™650",https://www.majorpowersports.com/Pre-owned-Inventory-2012-Kawasaki-Motorcycle-Scooter-KLR-650-Major-Powersports-12049483?ref=list
1652348382-7674,https://www.majorpowersports.com/,"Pre-Owned
							Inventory
						
						
							.02",https://www.majorpowersports.com/default.asp?page=xPreOwnedInventory,SR008569,2021,SSR Motorsports,SR150,null,,"5-speed Manual; 1-down, 4-up","4 Stroke, Single Cylinder","5-speed Manual; 1-down, 4-up",null,L3BSEKA34M0008569,null,"White, Blue",null,"$2,459","[{""photo urls"":"""",""photo urls-src"":""https://cdn.dealerspike.com/imglib/v1/200x150/imglib/trimsdb/15465541-0-100403841.jpg""}]",null,,Motorcycle / Scooter,null,null,,"2021
SSR Motorsports 
SR150",https://www.majorpowersports.com/New-Inventory-2021-SSR-Motorsports-Motorcycle-Scooter-SR150-Major-Powersports-11665478?ref=list
1652348715-7779,https://www.majorpowersports.com/,"New
							Inventory
						
						
							.01",https://www.majorpowersports.com/default.asp?page=xNewInventory,BED13717,2022,Benelli,TNT135,null,,null,"Single cylinder, 4 stroke, oil cooled, 4 valves per cylinder, SOHC, double spark",null,null,LBBPEA073NBD13717,null,null,null,"$2,999","[{""photo urls"":"""",""photo urls-src"":""https://cdn.dealerspike.com/imglib/v1/200x150/imglib/trimsdb/17770181-0-111716521.jpg""}]",null,,Motorcycle / Scooter,null,null,,"2022
Benelli 
TNT135",https://www.majorpowersports.com/New-Inventory-2022-Benelli-Motorcycle-Scooter-TNT135-Major-Powersports-10807687?ref=list
1652348634-7751,https://www.majorpowersports.com/,"New
							Inventory
						
						
							.01",https://www.majorpowersports.com/default.asp?page=xNewInventory,SR000250,2022,SSR Motorsports,250S,null,,null,null,null,null,null,null,null,null,"$3,899",[],null,,Motorcycle / Scooter,null,null,,"2022
SSR Motorsports 
250S",https://www.majorpowersports.com/New-Inventory-2022-SSR-Motorsports-Motorcycle-Scooter-250S-Major-Powersports-12055895?ref=list
1652348667-7762,https://www.majorpowersports.com/,"New
							Inventory
						
						
							.01",https://www.majorpowersports.com/default.asp?page=xNewInventory,VA000002,2022,Vanderhall,Venice GT,null,,6 Speed Automatic with Bump Shifter and Shift Gauge,null,6 Speed Automatic with Bump Shifter and Shift Gauge,null,null,null,null,null,"$33,950","[{""photo urls"":"""",""photo urls-src"":""https://cdn.dealerspike.com/imglib/v1/200x150/imglib/Assets/Inventory/53/41/534189DA-5667-44F7-9AC5-4CA676FA8A8A.jpg""},{""photo urls"":"""",""photo urls-src"":""https://cdn.dealerspike.com/imglib/v1/200x150/imglib/Assets/Inventory/25/88/25886BA5-94A8-42BC-B78B-3659FAE7F3C8.jpg""},{""photo urls"":"""",""photo urls-src"":""https://cdn.dealerspike.com/imglib/v1/200x150/imglib/Assets/Inventory/0D/AC/0DAC71F7-D1EE-4538-B427-1E21C6E89FFE.jpg""}]",null,,Motorcycle / Scooter,null,null,,"2022
Vanderhall 
Venice GT",https://www.majorpowersports.com/New-Inventory-2022-Vanderhall-Motorcycle-Scooter-Venice-GT-Major-Powersports-11859949?ref=list
1652348427-7688,https://www.majorpowersports.com/,"Pre-Owned
							Inventory
						
						
							.02",https://www.majorpowersports.com/default.asp?page=xPreOwnedInventory,YA002444,2015,Yamaha,Bolt™ R-Spec,null,,5-speed multiplate wet clutch,"58-cubic-inch (942cc) air cooled 4-stroke, V-Twin, SOHC, 4-valve",5-speed multiplate wet clutch,null,JYAVN05Y5FA002444,9877,null,null,"$6,495","[{""photo urls"":"""",""photo urls-src"":""https://cdn.dealerspike.com/imglib/v1/200x150/imglib/Assets/Inventory/56/9D/569D4AD1-0E2D-410A-9DA1-02A6AE12ED75.jpg""},{""photo urls"":"""",""photo urls-src"":""https://cdn.dealerspike.com/imglib/v1/200x150/imglib/Assets/Inventory/FE/95/FE95BF90-0153-47D7-98C0-5039CB9CBFE3.jpg""},{""photo urls"":"""",""photo urls-src"":""https://cdn.dealerspike.com/imglib/v1/200x150/imglib/Assets/Inventory/5F/9E/5F9E4F35-847F-4E2D-959D-A358A0C9AC93.jpg""}]",null,,Motorcycle / Scooter,null,null,,"2015
Yamaha 
Bolt™ R-Spec",https://www.majorpowersports.com/Pre-owned-Inventory-2015-Yamaha-Motorcycle-Scooter-Bolt-R-Spec-Major-Powersports-11840126?ref=list
1652348575-7732,https://www.majorpowersports.com/,"New
							Inventory
						
						
							.01",https://www.majorpowersports.com/default.asp?page=xNewInventory,SR104420,2021,SSR Motorsports,SR125 AUTO,null,,null,null,null,null,SYMYJ3038M1104420,null,null,null,"$1,379",[],null,,Motorcycle / Scooter,null,null,,"2021
SSR Motorsports 
SR125 AUTO",https://www.majorpowersports.com/New-Inventory-2021-SSR-Motorsports-Motorcycle-Scooter-SR125-AUTO-Major-Powersports-11820488?ref=list
1652348735-7786,https://www.majorpowersports.com/,"New
							Inventory
						
						
							.01",https://www.majorpowersports.com/default.asp?page=xNewInventory,BED45932,2022,Benelli,Leoncino,null,,null,"Inline 2 cylinder, 4-stroke, liquid cooled, 4 valves per cylinder, DOHC",null,null,LBBPHF068NBD45932,null,null,null,"$6,799","[{""photo urls"":"""",""photo urls-src"":""https://cdn.dealerspike.com/imglib/v1/200x150/imglib/Assets/Inventory/9B/36/9B36C7D4-2642-4F25-AE9C-1F392038E0CD.jpg""}]",null,,Motorcycle / Scooter,null,null,,"2022
Benelli 
Leoncino",https://www.majorpowersports.com/New-Inventory-2022-Benelli-Motorcycle-Scooter-Leoncino-Major-Powersports-11661227?ref=list
1652348597-7740,https://www.majorpowersports.com/,"New
							Inventory
						
						
							.01",https://www.majorpowersports.com/default.asp?page=xNewInventory,ZEC20345,2022,Zero,FX ZF7.2,null,,null,null,null,null,538XXDZ44NCC20345,null,null,null,"$11,995",[],null,,Motorcycle / Scooter,null,null,,"2022
Zero 
FX ZF7.2",https://www.majorpowersports.com/New-Inventory-2022-Zero-Motorcycle-Scooter-FX-ZF7-2-Major-Powersports-11820493?ref=list
1652348631-7750,https://www.majorpowersports.com/,"New
							Inventory
						
						
							.01",https://www.majorpowersports.com/default.asp?page=xNewInventory,SR000443,2022,SSR Motorsports,300S,null,,null,null,null,null,L3BSEKA36N0000443,null,null,null,"$4,599",[],null,,Motorcycle / Scooter,null,null,,"2022
SSR Motorsports 
300S",https://www.majorpowersports.com/New-Inventory-2022-SSR-Motorsports-Motorcycle-Scooter-300S-Major-Powersports-11665474?ref=list
1652348558-7726,https://www.majorpowersports.com/,"New
							Inventory
						
						
							.01",https://www.majorpowersports.com/default.asp?page=xNewInventory,SR100373,2021,SSR Motorsports,SR70 AUTO,null,,null,null,null,null,SYMYD3138M1100373,1,null,null,$959,[],null,,Motorcycle / Scooter,null,null,,"2021
SSR Motorsports 
SR70 AUTO",https://www.majorpowersports.com/New-Inventory-2021-SSR-Motorsports-Motorcycle-Scooter-SR70-AUTO-Major-Powersports-11410750?ref=list
1652348376-7672,https://www.majorpowersports.com/,"Pre-Owned
							Inventory
						
						
							.02",https://www.majorpowersports.com/default.asp?page=xPreOwnedInventory,ZEM19519,2021,Zero,FXE ZF 7.2,null,,null,null,null,null,538XXFZ48NCM19519,null,null,null,"$11,795","[{""photo urls"":"""",""photo urls-src"":""https://cdn.dealerspike.com/imglib/v1/200x150/imglib/Assets/Inventory/FD/F9/FDF93F26-5067-42B0-A7FD-5FB79007E8B8.jpg""}]",null,,Motorcycle / Scooter,null,null,,"2021
Zero 
FXE ZF 7.2",https://www.majorpowersports.com/New-Inventory-2021-Zero-Motorcycle-Scooter-FXE-ZF-7-2-Major-Powersports-11665495?ref=list
1652348519-7719,https://www.majorpowersports.com/,"Pre-Owned
							Inventory
						
						
							.02",https://www.majorpowersports.com/default.asp?page=xPreOwnedInventory,KAAC5021,2021,Kawasaki,Ninja® 400 ABS Metallic Gray/Metallic Magnetic Dark Gray,null,,6-speed,"4-stroke, Parallel Twin, DOHC",6-speed,null,JKAEXKG16MDAC5021,3080 mi,ABS Metallic Graphite Gray/Metallic Magnetic Dark Gray,null,"$6,495","[{""photo urls"":"""",""photo urls-src"":""https://cdn.dealerspike.com/imglib/v1/200x150/imglib/trimsdb/15738641-0-101888781.jpg""}]",null,,Motorcycle / Scooter,null,null,,"2021
Kawasaki 
Ninja® 400 ABS Metallic Gray/Metallic Magnetic Dark Gray",https://www.majorpowersports.com/Pre-owned-Inventory-2021-Kawasaki-Motorcycle-Scooter-Ninja-400-ABS-Metallic-Gray-Metallic-Magnetic-Dark-Gray-Major-Powersports-11955454?ref=list
1652348483-7707,https://www.majorpowersports.com/,"Pre-Owned
							Inventory
						
						
							.02",https://www.majorpowersports.com/default.asp?page=xPreOwnedInventory,HA551054,2019,Harley-Davidson®,FLHX - Street Glide®,null,,null,null,null,null,1HD1KBC1XKB551054,8190 mi,null,null,"$21,995","[{""photo urls"":"""",""photo urls-src"":""https://cdn.dealerspike.com/imglib/v1/200x150/imglib/Assets/Inventory/E9/49/E949504A-05B7-4E60-A386-84A8195D2F7C.jpg""},{""photo urls"":"""",""photo urls-src"":""https://cdn.dealerspike.com/imglib/v1/200x150/imglib/Assets/Inventory/B3/89/B3892660-0E7E-4AFE-940C-FAC9D4C64F07.jpg""},{""photo urls"":"""",""photo urls-src"":""https://cdn.dealerspike.com/imglib/v1/200x150/imglib/Assets/Inventory/47/4D/474D7820-105B-4727-87DF-2EC02207E1E7.jpg""},{""photo urls"":"""",""photo urls-src"":""https://cdn.dealerspike.com/imglib/v1/200x150/imglib/Assets/Inventory/83/D5/83D50378-A8B0-4D5C-93E8-12658066138E.jpg""}]",null,,Motorcycle / Scooter,null,null,,"2019
Harley-Davidson® 
FLHX - Street Glide®",https://www.majorpowersports.com/Pre-owned-Inventory-2019-Harley-Davidson-Motorcycle-Scooter-FLHX-Street-Glide-Touring-Major-Powersports-11859950?ref=list
1652348681-7767,https://www.majorpowersports.com/,"New
							Inventory
						
						
							.01",https://www.majorpowersports.com/default.asp?page=xNewInventory,SR128053,2022,SSR Motorsports,SRU170RS,null,,Belt Drive + Chain Drive w/ CVT (F-N-R),"Single Cylinder, 4 Stroke, Horizontal Type",Belt Drive + Chain Drive w/ CVT (F-N-R),null,LXDACLAFXN1128053,null,"Matte Black, Matte Blue, Gloss Red",null,"$4,459","[{""photo urls"":"""",""photo urls-src"":""https://cdn.dealerspike.com/imglib/v1/200x150/imglib/trimsdb/18379611-0-114860331.jpg""}]",null,,Utility Vehicle,null,null,,"2022
SSR Motorsports 
SRU170RS",https://www.majorpowersports.com/New-Inventory-2022-SSR-Motorsports-Utility-Vehicle-SRU170RS-Major-Powersports-12090089?ref=list
1652348672-7764,https://www.majorpowersports.com/,"New
							Inventory
						
						
							.01",https://www.majorpowersports.com/default.asp?page=xNewInventory,VA000005,2022,Vanderhall,Carmel Blackjack,null,,6-Speed Automatic Transmission,null,6-Speed Automatic Transmission,null,null,null,null,null,"$37,950","[{""photo urls"":"""",""photo urls-src"":""https://cdn.dealerspike.com/imglib/v1/200x150/imglib/Assets/Inventory/2A/2E/2A2E9544-91A7-49A7-A063-6684ABF19254.jpg""},{""photo urls"":"""",""photo urls-src"":""https://cdn.dealerspike.com/imglib/v1/200x150/imglib/Assets/Inventory/B2/DC/B2DC6DC5-D339-476E-9AEC-E18E972F9D26.jpg""},{""photo urls"":"""",""photo urls-src"":""https://cdn.dealerspike.com/imglib/v1/200x150/imglib/Assets/Inventory/20/38/20383D25-35AE-409F-9C0B-E6FAD4D11149.jpg""}]",null,,Motorcycle / Scooter,null,null,,"2022
Vanderhall 
Carmel Blackjack",https://www.majorpowersports.com/New-Inventory-2022-Vanderhall-Motorcycle-Scooter-Carmel-Blackjack-Major-Powersports-11859952?ref=list
1652348581-7734,https://www.majorpowersports.com/,"New
							Inventory
						
						
							.01",https://www.majorpowersports.com/default.asp?page=xNewInventory,SR101481,2021,SSR Motorsports,SR110 DX,null,,null,null,null,null,SYMYH313XM1101487,null,null,null,"$1,059",[],null,,Motorcycle / Scooter,null,null,,"2021
SSR Motorsports 
SR110 DX",https://www.majorpowersports.com/New-Inventory-2021-SSR-Motorsports-Motorcycle-Scooter-SR110-DX-Major-Powersports-11665476?ref=list
1652348399-7679,https://www.majorpowersports.com/,"Pre-Owned
							Inventory
						
						
							.02",https://www.majorpowersports.com/default.asp?page=xPreOwnedInventory,SR104746,2021,SSR Motorsports,SR125,null,,4-up Manual,"YX™, Single Cylinder, 4 Stroke",4-up Manual,null,SYMYJ3137M1104746,1,"Red, Blue, Green, Orange, Black, White",null,"$1,359","[{""photo urls"":"""",""photo urls-src"":""https://cdn.dealerspike.com/imglib/v1/200x150/imglib/trimsdb/15730141-0-101847921.jpg""}]",null,,Motorcycle / Scooter,null,null,,"2021
SSR Motorsports 
SR125",https://www.majorpowersports.com/New-Inventory-2021-SSR-Motorsports-Motorcycle-Scooter-SR125-Major-Powersports-11410735?ref=list
1652348436-7691,https://www.majorpowersports.com/,"Pre-Owned
							Inventory
						
						
							.02",https://www.majorpowersports.com/default.asp?page=xPreOwnedInventory,IN106529,2016,Indian Motorcycle®,Scout® Wildfire Red,null,,null,Liquid Cooled V-Twin,null,null,56KMSB00XG3106529,1251 mi,null,null,"$8,795","[{""photo urls"":"""",""photo urls-src"":""https://cdn.dealerspike.com/imglib/v1/200x150/imglib/Assets/Inventory/DF/25/DF25E453-922E-4D64-BFB2-93108CBAAE3E.jpg""},{""photo urls"":"""",""photo urls-src"":""https://cdn.dealerspike.com/imglib/v1/200x150/imglib/Assets/Inventory/DF/F7/DFF79D22-1168-42A6-A3AA-D228C9E55907.jpg""},{""photo urls"":"""",""photo urls-src"":""https://cdn.dealerspike.com/imglib/v1/200x150/imglib/Assets/Inventory/25/72/25722049-919D-4C97-B29F-CB801D1E298C.jpg""}]",null,,Motorcycle / Scooter,null,null,,"2016
Indian Motorcycle® 
Scout® Wildfire Red",https://www.majorpowersports.com/Pre-owned-Inventory-2016-Indian-Motorcycle-Motorcycle-Scooter-Scout-Wildfire-Red-Major-Powersports-11695277?ref=list
1652348727-7783,https://www.majorpowersports.com/,"New
							Inventory
						
						
							.01",https://www.majorpowersports.com/default.asp?page=xNewInventory,BED29191,2022,Benelli,TNT135,null,,null,"Single cylinder, 4 stroke, oil cooled, 4 valves per cylinder, SOHC, double spark",null,null,LBBPEA075NBD29191,null,null,null,"$2,999","[{""photo urls"":"""",""photo urls-src"":""https://cdn.dealerspike.com/imglib/v1/200x150/imglib/trimsdb/17770181-0-111716521.jpg""}]",null,,Motorcycle / Scooter,null,null,,"2022
Benelli 
TNT135",https://www.majorpowersports.com/New-Inventory-2022-Benelli-Motorcycle-Scooter-TNT135-Major-Powersports-11519202?ref=list
1652348486-7708,https://www.majorpowersports.com/,"Pre-Owned
							Inventory
						
						
							.02",https://www.majorpowersports.com/default.asp?page=xPreOwnedInventory,DU025372,2019,Ducati,Monster 1200,null,,null,"Testastretta 11°, L-Twin cylinder, 4 Desmodromically actuated valves per cylinder, Dual spark",null,null,ZDMMACFW7KB025372,3436,null,null,"$17,495","[{""photo urls"":"""",""photo urls-src"":""https://cdn.dealerspike.com/imglib/v1/200x150/imglib/Assets/Inventory/0E/3B/0E3B87FF-EA9D-4C7B-8FC4-D300F6B990DC.jpg""},{""photo urls"":"""",""photo urls-src"":""https://cdn.dealerspike.com/imglib/v1/200x150/imglib/Assets/Inventory/8E/2F/8E2F92DC-80B4-4E42-AAFE-BDB011669F1C.jpg""},{""photo urls"":"""",""photo urls-src"":""https://cdn.dealerspike.com/imglib/v1/200x150/imglib/Assets/Inventory/AA/B1/AAB15AD6-72AB-4287-B700-B06D7AAB6DE6.jpg""}]",null,,Motorcycle / Scooter,null,null,,"2019
Ducati 
Monster 1200",https://www.majorpowersports.com/Pre-owned-Inventory-2019-Ducati-Motorcycle-Scooter-Monster-1200-Major-Powersports-11953017?ref=list
1652348429-7689,https://www.majorpowersports.com/,"Pre-Owned
							Inventory
						
						
							.02",https://www.majorpowersports.com/default.asp?page=xPreOwnedInventory,YA012742,2016,Yamaha,YZF-R3,null,,"6-speed, wet multiplate clutch","321cc liquid-cooled, DOHC inline twin-cylinder; 4 valves/cylinder","6-speed, wet multiplate clutch",null,MH3RH06Y7GK012742,5,null,null,"$6,495","[{""photo urls"":"""",""photo urls-src"":""https://cdn.dealerspike.com/imglib/v1/200x150/imglib/Assets/Inventory/35/E8/35E856BD-4C9F-4EE1-8792-36F56F3C91D6.jpg""},{""photo urls"":"""",""photo urls-src"":""https://cdn.dealerspike.com/imglib/v1/200x150/imglib/Assets/Inventory/55/26/55267DDB-041E-4905-ABA0-B3765C58CA0E.jpg""},{""photo urls"":"""",""photo urls-src"":""https://cdn.dealerspike.com/imglib/v1/200x150/imglib/Assets/Inventory/EF/83/EF8318C5-129F-4D78-9C36-E7C19A815987.jpg""},{""photo urls"":"""",""photo urls-src"":""https://cdn.dealerspike.com/imglib/v1/200x150/imglib/Assets/Inventory/C9/CE/C9CE6AD0-A8DA-4779-9565-8A920809B0F5.jpg""}]",null,,Motorcycle / Scooter,null,null,,"2016
Yamaha 
YZF-R3",https://www.majorpowersports.com/Pre-owned-Inventory-2016-Yamaha-Motorcycle-Scooter-YZF-R3-Major-Powersports-11953018?ref=list
1652348670-7763,https://www.majorpowersports.com/,"New
							Inventory
						
						
							.01",https://www.majorpowersports.com/default.asp?page=xNewInventory,VA000006,2022,Vanderhall,Carmel GT,null,,6-Speed Automatic with Paddle Shifters and Shift Gauge,null,6-Speed Automatic with Paddle Shifters and Shift Gauge,null,null,null,null,null,"$43,950","[{""photo urls"":"""",""photo urls-src"":""https://cdn.dealerspike.com/imglib/v1/200x150/imglib/Assets/Inventory/BB/AB/BBABDEA6-D5B4-4C3C-9319-9409E16037D2.jpg""},{""photo urls"":"""",""photo urls-src"":""https://cdn.dealerspike.com/imglib/v1/200x150/imglib/Assets/Inventory/41/E1/41E18348-0FF3-46A0-88AB-B26441CA1835.jpg""},{""photo urls"":"""",""photo urls-src"":""https://cdn.dealerspike.com/imglib/v1/200x150/imglib/Assets/Inventory/EA/D9/EAD98DFF-ACCA-4F2B-871F-26F8BAF42F77.jpg""},{""photo urls"":"""",""photo urls-src"":""https://cdn.dealerspike.com/imglib/v1/200x150/imglib/Assets/Inventory/D6/13/D613AF71-C5C7-4FDE-9636-78F1B55A078A.jpg""}]",null,,Motorcycle / Scooter,null,null,,"2022
Vanderhall 
Carmel GT",https://www.majorpowersports.com/New-Inventory-2022-Vanderhall-Motorcycle-Scooter-Carmel-GT-Major-Powersports-11859953?ref=list
1652348650-7756,https://www.majorpowersports.com/,"New
							Inventory
						
						
							.01",https://www.majorpowersports.com/default.asp?page=xNewInventory,ZEL21409,2022,Zero,SR/S Power Tank,null,,Clutchless direct drive,null,Clutchless direct drive,null,538ZFEZ74NCL21409,null,null,null,"$22,695","[{""photo urls"":"""",""photo urls-src"":""https://cdn.dealerspike.com/imglib/v1/200x150/imglib/trimsdb/17158591-0-114354941.jpg""}]",null,,Motorcycle / Scooter,null,null,,"2022
Zero 
SR/S Power Tank",https://www.majorpowersports.com/New-Inventory-2022-Zero-Motorcycle-Scooter-SR-S-Power-Tank-Major-Powersports-12100231?ref=list
1652348513-7717,https://www.majorpowersports.com/,"Pre-Owned
							Inventory
						
						
							.02",https://www.majorpowersports.com/default.asp?page=xPreOwnedInventory,KAA18548,2021,Kawasaki,Z125 PRO,null,,"4-speed, return shift","4-stroke, 1 cylinder, SOHC, 2-valve","4-speed, return shift",null,JKABRRJ17MDA18548,389 mi,"Pearl Nightshade Teal, Metallic Flat Spark Black",null,"$3,695","[{""photo urls"":"""",""photo urls-src"":""https://cdn.dealerspike.com/imglib/v1/200x150/imglib/Assets/Inventory/39/E1/39E1E339-66C1-4BA8-A584-FC946A9E5579.jpg""},{""photo urls"":"""",""photo urls-src"":""https://cdn.dealerspike.com/imglib/v1/200x150/imglib/Assets/Inventory/01/74/01746FE0-73CF-40A0-8368-68733DD167C7.jpg""},{""photo urls"":"""",""photo urls-src"":""https://cdn.dealerspike.com/imglib/v1/200x150/imglib/Assets/Inventory/D7/AC/D7AC4E77-C404-4A22-A0E3-03DCA99DF5D2.jpg""}]",null,,Motorcycle / Scooter,null,null,,"2021
Kawasaki 
Z125 PRO",https://www.majorpowersports.com/Pre-owned-Inventory-2021-Kawasaki-Motorcycle-Scooter-Z125-PRO-Major-Powersports-12049482?ref=list
1652348548-7722,https://www.majorpowersports.com/,"New
							Inventory
						
						
							.01",https://www.majorpowersports.com/default.asp?page=xNewInventory,SR004489,2021,SSR Motorsports,SR70AUTO,null,,null,null,null,null,L3BSGJD38M0004489,1,null,null,$959,[],null,,Motorcycle / Scooter,null,null,,"2021
SSR Motorsports 
SR70AUTO",https://www.majorpowersports.com/New-Inventory-2021-SSR-Motorsports-Motorcycle-Scooter-SR70AUTO-Major-Powersports-11410709?ref=list
1652348738-7787,https://www.majorpowersports.com/,"New
							Inventory
						
						
							.01",https://www.majorpowersports.com/default.asp?page=xNewInventory,BED49140,2022,Benelli,302S,null,,null,"Parallel 2 cylinder, 4-stroke, liquid cooled 4 valves per cylinder, DOHC.",null,null,LBBPHE045NBD49140,null,null,null,"$4,899","[{""photo urls"":"""",""photo urls-src"":""https://cdn.dealerspike.com/imglib/v1/200x150/imglib/trimsdb/17768581-0-111709531.jpg""}]",null,,Motorcycle / Scooter,null,null,,"2022
Benelli 
302S",https://www.majorpowersports.com/New-Inventory-2022-Benelli-Motorcycle-Scooter-302S-Major-Powersports-11661238?ref=list
1652348679-7766,https://www.majorpowersports.com/,"New
							Inventory
						
						
							.01",https://www.majorpowersports.com/default.asp?page=xNewInventory,SRU128139,2022,SSR Motorsports,SRU170RS,null,,Belt Drive + Chain Drive w/ CVT (F-N-R),"Single Cylinder, 4 Stroke, Horizontal Type",Belt Drive + Chain Drive w/ CVT (F-N-R),null,null,null,"Matte Black, Matte Blue, Gloss Red",null,"$4,459","[{""photo urls"":"""",""photo urls-src"":""https://cdn.dealerspike.com/imglib/v1/200x150/imglib/trimsdb/18379611-0-114860331.jpg""}]",null,,Utility Vehicle,null,null,,"2022
SSR Motorsports 
SRU170RS",https://www.majorpowersports.com/New-Inventory-2022-SSR-Motorsports-Utility-Vehicle-SRU170RS-Major-Powersports-11902024?ref=list
1652348449-7695,https://www.majorpowersports.com/,"Pre-Owned
							Inventory
						
						
							.02",https://www.majorpowersports.com/default.asp?page=xPreOwnedInventory,BM615460,2016,BMW,R nineT Scrambler Monolith Metallic Matt,null,,null,"Air/oil-cooled flat twin ('Boxer') 4-stroke engine, two camshafts and four radially aligned valves per cylinder, central balancer shaft",null,null,WB10A160XGZ615460,11475 mi,null,null,"$15,095","[{""photo urls"":"""",""photo urls-src"":""https://cdn.dealerspike.com/imglib/v1/200x150/imglib/Assets/Inventory/67/17/6717976D-9164-48D0-8C5C-631EA6D698BA.jpg""},{""photo urls"":"""",""photo urls-src"":""https://cdn.dealerspike.com/imglib/v1/200x150/imglib/Assets/Inventory/B0/52/B0523F5B-39B2-4EFA-90DB-19354923A314.jpg""},{""photo urls"":"""",""photo urls-src"":""https://cdn.dealerspike.com/imglib/v1/200x150/imglib/Assets/Inventory/60/86/6086E88E-6C9E-4D49-8711-8C35AFBA10F9.jpg""},{""photo urls"":"""",""photo urls-src"":""https://cdn.dealerspike.com/imglib/v1/200x150/imglib/Assets/Inventory/81/5F/815FD0F2-1F03-428F-9BEF-67DB99618216.jpg""},{""photo urls"":"""",""photo urls-src"":""https://cdn.dealerspike.com/imglib/v1/200x150/imglib/Assets/Inventory/DB/03/DB03712D-742F-4CE7-9AE9-011B494B9946.jpg""},{""photo urls"":"""",""photo urls-src"":""https://cdn.dealerspike.com/imglib/v1/200x150/imglib/Assets/Inventory/CD/8F/CD8FF7AC-AE96-4E98-986E-8D697A67B294.jpg""}]",null,,Motorcycle / Scooter,null,null,,"2016
BMW 
R nineT Scrambler Monolith Metallic Matt",https://www.majorpowersports.com/Pre-owned-Inventory-2016-BMW-Motorcycle-Scooter-R-nineT-Scrambler-Monolith-Metallic-Matt-Major-Powersports-11576703?ref=list
1652348390-7677,https://www.majorpowersports.com/,"Pre-Owned
							Inventory
						
						
							.02",https://www.majorpowersports.com/default.asp?page=xPreOwnedInventory,S21034,2021,SSR Motorsports,SR125,null,,4-up Manual,"YX™, Single Cylinder, 4 Stroke",4-up Manual,null,SYMYJ3131M1100515,1,"Red, Blue, Green, Orange, Black, White",null,"$1,359","[{""photo urls"":"""",""photo urls-src"":""https://cdn.dealerspike.com/imglib/v1/200x150/imglib/trimsdb/15730141-0-101847921.jpg""}]",null,,Motorcycle / Scooter,null,null,,"2021
SSR Motorsports 
SR125",https://www.majorpowersports.com/New-Inventory-2021-SSR-Motorsports-Motorcycle-Scooter-SR125-Major-Powersports-11339517?ref=list
1652348701-7774,https://www.majorpowersports.com/,"New
							Inventory
						
						
							.01",https://www.majorpowersports.com/default.asp?page=xNewInventory,SR100752,2022,SSR Motorsports,SR125,null,,4-up Manual,"YX™, Single Cylinder, 4 Stroke",4-up Manual,null,SYMYJ3134M1100752,null,"Red, Blue, Green, Orange, Black, White",null,"$1,359","[{""photo urls"":"""",""photo urls-src"":""https://cdn.dealerspike.com/imglib/v1/200x150/imglib/trimsdb/18372751-0-114824291.jpg""}]",null,,Motorcycle / Scooter,null,null,,"2022
SSR Motorsports 
SR125",https://www.majorpowersports.com/New-Inventory-2022-SSR-Motorsports-Motorcycle-Scooter-SR125-Major-Powersports-11661241?ref=list
1652348466-7701,https://www.majorpowersports.com/,"Pre-Owned
							Inventory
						
						
							.02",https://www.majorpowersports.com/default.asp?page=xPreOwnedInventory,DU022374,2017,Ducati,Monster 821 Red,null,,null,"Testastretta 11° L-Twin, 4 Desmodromically actuated valves per cylinder, liquid cooled",null,null,ZDM1RBT57HB022374,5534 mi,null,null,"$9,695","[{""photo urls"":"""",""photo urls-src"":""https://cdn.dealerspike.com/imglib/v1/200x150/imglib/Assets/Inventory/63/11/63116F6B-925E-45B6-8B03-AFFBF3D7236C.jpg""},{""photo urls"":"""",""photo urls-src"":""https://cdn.dealerspike.com/imglib/v1/200x150/imglib/Assets/Inventory/0A/0B/0A0BBC89-2A91-49EB-B29D-F744C29386A2.jpg""},{""photo urls"":"""",""photo urls-src"":""https://cdn.dealerspike.com/imglib/v1/200x150/imglib/Assets/Inventory/BC/E8/BCE89DFA-CCAE-45FA-A11B-4E1E6DAA37CA.jpg""}]",null,,Motorcycle / Scooter,null,null,,"2017
Ducati 
Monster 821 Red",https://www.majorpowersports.com/Pre-owned-Inventory-2017-Ducati-Motorcycle-Scooter-Monster-821-Red-Major-Powersports-11840127?ref=list
1652348696-7772,https://www.majorpowersports.com/,"New
							Inventory
						
						
							.01",https://www.majorpowersports.com/default.asp?page=xNewInventory,SR100868,2022,SSR Motorsports,SR125TR,null,,4-up Manual,"YX™, Single Cylinder, 4 Stroke",4-up Manual,null,L6JYGJL32NC100868,null,"Black, White",null,"$1,739","[{""photo urls"":"""",""photo urls-src"":""https://cdn.dealerspike.com/imglib/v1/200x150/imglib/trimsdb/18374011-0-114828151.jpg""}]",null,,Motorcycle / Scooter,null,null,,"2022
SSR Motorsports 
SR125TR",https://www.majorpowersports.com/New-Inventory-2022-SSR-Motorsports-Motorcycle-Scooter-SR125TR-Major-Powersports-11816179?ref=list
1652348628-7749,https://www.majorpowersports.com/,"New
							Inventory
						
						
							.01",https://www.majorpowersports.com/default.asp?page=xNewInventory,SRUP3681,2022,SSR Motorsports,ABT E 350,null,,null,null,null,null,SSRE0350A20UP3681,null,null,null,$539,[],null,,Motorcycle / Scooter,null,null,,"2022
SSR Motorsports 
ABT E 350",https://www.majorpowersports.com/New-Inventory-2022-SSR-Motorsports-Motorcycle-Scooter-ABT-E-350-Major-Powersports-12055896?ref=list
1652348471-7703,https://www.majorpowersports.com/,"Pre-Owned
							Inventory
						
						
							.02",https://www.majorpowersports.com/default.asp?page=xPreOwnedInventory,YA003572,2018,Yamaha,Bolt R-Spec,null,,5-speed; multiplate wet clutch,SOHC V-twin; 4 valves,5-speed; multiplate wet clutch,null,JYAVN05Y7JA003572,11043 mi,null,null,"$8,295","[{""photo urls"":"""",""photo urls-src"":""https://cdn.dealerspike.com/imglib/v1/200x150/imglib/Assets/Inventory/60/76/6076E68D-1BF6-4C4F-9741-5943B0375465.jpg""},{""photo urls"":"""",""photo urls-src"":""https://cdn.dealerspike.com/imglib/v1/200x150/imglib/Assets/Inventory/AF/28/AF285BC9-9EE5-48AA-8593-9528885A66A3.jpg""},{""photo urls"":"""",""photo urls-src"":""https://cdn.dealerspike.com/imglib/v1/200x150/imglib/Assets/Inventory/FE/55/FE552562-970D-440D-93AE-54609CDE3236.jpg""}]",null,,Motorcycle / Scooter,null,null,,"2018
Yamaha 
Bolt R-Spec",https://www.majorpowersports.com/Pre-owned-Inventory-2018-Yamaha-Motorcycle-Scooter-Bolt-R-Spec-Major-Powersports-11955457?ref=list
1652348561-7727,https://www.majorpowersports.com/,"New
							Inventory
						
						
							.01",https://www.majorpowersports.com/default.asp?page=xNewInventory,SR119858,2021,SSR Motorsports,SR125TR-BW,null,,null,null,null,null,L6JYGJL38MC119858,null,null,null,"$1,839",[],null,,Motorcycle / Scooter,null,null,,"2021
SSR Motorsports 
SR125TR-BW",https://www.majorpowersports.com/New-Inventory-2021-SSR-Motorsports-Motorcycle-Scooter-SR125TR-BW-Major-Powersports-11816182?ref=list
1652348614-7746,https://www.majorpowersports.com/,"New
							Inventory
						
						
							.01",https://www.majorpowersports.com/default.asp?page=xNewInventory,SR003795,2022,SSR Motorsports,SR 189,null,,null,null,null,null,L3BSEKA38N0003795,null,null,null,"$2,799",[],null,,Motorcycle / Scooter,null,null,,"2022
SSR Motorsports 
SR 189",https://www.majorpowersports.com/New-Inventory-2022-SSR-Motorsports-Motorcycle-Scooter-SR-189-Major-Powersports-12014610?ref=list
1652348423-7687,https://www.majorpowersports.com/,"Pre-Owned
							Inventory
						
						
							.02",https://www.majorpowersports.com/default.asp?page=xPreOwnedInventory,BMF85814,2014,BMW,F 700 GS,null,,null,Water cooled twin cylinder 4 stroke,null,null,WB10B1104EZF85814,16864 mi,null,null,"$6,795","[{""photo urls"":"""",""photo urls-src"":""https://cdn.dealerspike.com/imglib/v1/200x150/imglib/Assets/Inventory/91/7F/917FD0A4-63A7-45A1-8643-12752E6A8A8C.jpg""},{""photo urls"":"""",""photo urls-src"":""https://cdn.dealerspike.com/imglib/v1/200x150/imglib/Assets/Inventory/2D/6B/2D6B37A9-339E-443A-A244-6DCE2D855722.jpg""},{""photo urls"":"""",""photo urls-src"":""https://cdn.dealerspike.com/imglib/v1/200x150/imglib/Assets/Inventory/15/F7/15F7A966-1CD4-4CB5-9946-EC88E67E1F2E.jpg""}]",null,,Motorcycle / Scooter,null,null,,"2014
BMW 
F 700 GS",https://www.majorpowersports.com/Pre-owned-Inventory-2014-BMW-Motorcycle-Scooter-F-700-GS-Major-Powersports-12049484?ref=list
1652348661-7760,https://www.majorpowersports.com/,"New
							Inventory
						
						
							.01",https://www.majorpowersports.com/default.asp?page=xNewInventory,ZEB21028,2022,Zero,DS ZF 7.2 Charge Tank Quick Charger,null,,Clutchless direct drive,null,Clutchless direct drive,null,538SDKZ42NCB21028,5,null,null,"$11,595","[{""photo urls"":"""",""photo urls-src"":""https://cdn.dealerspike.com/imglib/v1/200x150/imglib/trimsdb/17162571-0-114451441.jpg""}]",null,,Motorcycle / Scooter,null,null,,"2022
Zero 
DS ZF 7.2 Charge Tank Quick Charger",https://www.majorpowersports.com/New-Inventory-2022-Zero-Motorcycle-Scooter-DS-ZF-7-2-Charge-Tank-Quick-Charger-Major-Powersports-12036567?ref=list
1652348510-7716,https://www.majorpowersports.com/,"Pre-Owned
							Inventory
						
						
							.02",https://www.majorpowersports.com/default.asp?page=xPreOwnedInventory,KY330243,2021,KYMCO,Mongoose 90S,null,,CVT Automatic,null,CVT Automatic,null,RFBLE0733MB330243,null,"Yellow, Black",null,"$3,995","[{""photo urls"":"""",""photo urls-src"":""https://cdn.dealerspike.com/imglib/v1/200x150/imglib/Assets/Inventory/79/8A/798AA5C2-8694-4DFF-AA27-1B2C1B9606F1.jpg""},{""photo urls"":"""",""photo urls-src"":""https://cdn.dealerspike.com/imglib/v1/200x150/imglib/Assets/Inventory/89/70/8970593D-A3EE-4CC4-93D4-482F27F7AB1A.jpg""}]",null,,ATV,null,null,,"2021
KYMCO 
Mongoose 90S",https://www.majorpowersports.com/Pre-owned-Inventory-2021-KYMCO-ATV-Mongoose-90S-Major-Powersports-11574986?ref=list
1652348403-7680,https://www.majorpowersports.com/,"Pre-Owned
							Inventory
						
						
							.02",https://www.majorpowersports.com/default.asp?page=xPreOwnedInventory,HA025903,1991,Harley-Davidson®,FLSTC - Heritage Softail® Classic,null,,null,"2 cylinders, 4-stroke, 45° V-twin",null,null,1HD1BJL4XMY025903,54600 mi,null,null,"$5,995","[{""photo urls"":"""",""photo urls-src"":""https://cdn.dealerspike.com/imglib/v1/200x150/imglib/Assets/Inventory/F5/69/F569A692-1207-4D4A-9010-BD675EFE16D7.jpg""},{""photo urls"":"""",""photo urls-src"":""https://cdn.dealerspike.com/imglib/v1/200x150/imglib/Assets/Inventory/00/78/0078521E-B1CC-435D-9E94-ED2E9059D865.jpg""},{""photo urls"":"""",""photo urls-src"":""https://cdn.dealerspike.com/imglib/v1/200x150/imglib/Assets/Inventory/25/F3/25F38605-4CDD-4E3B-9979-750EFF7F7FE7.jpg""},{""photo urls"":"""",""photo urls-src"":""https://cdn.dealerspike.com/imglib/v1/200x150/imglib/Assets/Inventory/DF/42/DF423BCB-4B49-4FD3-BC7A-12B923D66F63.jpg""},{""photo urls"":"""",""photo urls-src"":""https://cdn.dealerspike.com/imglib/v1/200x150/imglib/Assets/Inventory/EE/E6/EEE6F531-C6AF-4FE6-A3CC-8D82A5E48B87.jpg""}]",null,,Motorcycle / Scooter,null,null,,"1991
Harley-Davidson® 
FLSTC - Heritage Softail® Classic",https://www.majorpowersports.com/Pre-owned-Inventory-1991-Harley-Davidson-Motorcycle-Scooter-FLSTC-Heritage-Softail-Classic-Major-Powersports-11932495?ref=list
1652348684-7768,https://www.majorpowersports.com/,"New
							Inventory
						
						
							.01",https://www.majorpowersports.com/default.asp?page=xNewInventory,SR000007,2022,SSR Motorsports,SR250S,null,,"5-speed Manual; 1-down, 4-up","Single Cylinder, 4 Stroke","5-speed Manual; 1-down, 4-up",null,LSSLFNC30N0000077,null,White,null,"$3,999","[{""photo urls"":"""",""photo urls-src"":""https://cdn.dealerspike.com/imglib/v1/200x150/imglib/trimsdb/18379381-0-114850681.jpg""}]",null,,Motorcycle / Scooter,null,null,,"2022
SSR Motorsports 
SR250S",https://www.majorpowersports.com/New-Inventory-2022-SSR-Motorsports-Motorcycle-Scooter-SR250S-Major-Powersports-11519205?ref=list
1652348566-7729,https://www.majorpowersports.com/,"New
							Inventory
						
						
							.01",https://www.majorpowersports.com/default.asp?page=xNewInventory,SR119274,2021,SSR Motorsports,SR125 Semi,null,,null,null,null,null,L6JYGJL34MC119274,null,null,null,"$1,359",[],null,,Motorcycle / Scooter,null,null,,"2021
SSR Motorsports 
SR125 Semi",https://www.majorpowersports.com/New-Inventory-2021-SSR-Motorsports-Motorcycle-Scooter-SR125-Semi-Major-Powersports-11665485?ref=list
1652348664-7761,https://www.majorpowersports.com/,"New
							Inventory
						
						
							.01",https://www.majorpowersports.com/default.asp?page=xNewInventory,VA000003,2022,Vanderhall,Venice GTS,null,,6 Speed Automatic with Bump Shifter and Shift Gauge,null,6 Speed Automatic with Bump Shifter and Shift Gauge,null,null,null,null,null,"$36,950","[{""photo urls"":"""",""photo urls-src"":""https://cdn.dealerspike.com/imglib/v1/200x150/imglib/Assets/Inventory/6F/90/6F90645D-840C-414E-80BD-15AB688B88DF.jpg""},{""photo urls"":"""",""photo urls-src"":""https://cdn.dealerspike.com/imglib/v1/200x150/imglib/Assets/Inventory/82/D1/82D13718-B6CD-4EB2-AA82-58FCB69BECDD.jpg""},{""photo urls"":"""",""photo urls-src"":""https://cdn.dealerspike.com/imglib/v1/200x150/imglib/Assets/Inventory/AE/9E/AE9E7D5C-C694-4B51-A019-E95417585677.jpg""}]",null,,Motorcycle / Scooter,null,null,,"2022
Vanderhall 
Venice GTS",https://www.majorpowersports.com/New-Inventory-2022-Vanderhall-Motorcycle-Scooter-Venice-GTS-Major-Powersports-11859947?ref=list
1652348480-7706,https://www.majorpowersports.com/,"Pre-Owned
							Inventory
						
						
							.02",https://www.majorpowersports.com/default.asp?page=xPreOwnedInventory,SU100293,2019,Suzuki,DR650S,null,,5-speed constant mesh,null,5-speed constant mesh,null,JS1SP46A0L7100293,556 mi,Solid Black,null,"$6,595","[{""photo urls"":"""",""photo urls-src"":""https://cdn.dealerspike.com/imglib/v1/200x150/imglib/Assets/Inventory/82/BF/82BFDE35-C3C9-4A87-9DBD-6790A24FEAF3.jpg""},{""photo urls"":"""",""photo urls-src"":""https://cdn.dealerspike.com/imglib/v1/200x150/imglib/Assets/Inventory/45/68/45683EFC-E43A-42DA-934D-B588F31FF80A.jpg""}]",null,,Motorcycle / Scooter,null,null,,"2019
Suzuki 
DR650S",https://www.majorpowersports.com/Pre-owned-Inventory-2019-Suzuki-Motorcycle-Scooter-DR650S-Major-Powersports-11848884?ref=list
1652348687-7769,https://www.majorpowersports.com/,"New
							Inventory
						
						
							.01",https://www.majorpowersports.com/default.asp?page=xNewInventory,SR008547,2022,SSR Motorsports,SR189,null,,"5-speed Manual; 1-down, 4-up","Single Cylinder, 4 Stroke","5-speed Manual; 1-down, 4-up",null,L3BSEKA38M0008547,null,"White, Blue",null,"$2,799","[{""photo urls"":"""",""photo urls-src"":""https://cdn.dealerspike.com/imglib/v1/200x150/imglib/trimsdb/18379691-0-114852791.jpg""}]",null,,Motorcycle / Scooter,null,null,,"2022
SSR Motorsports 
SR189",https://www.majorpowersports.com/New-Inventory-2022-SSR-Motorsports-Motorcycle-Scooter-SR189-Major-Powersports-11661242?ref=list
1652348588-7737,https://www.majorpowersports.com/,"New
							Inventory
						
						
							.01",https://www.majorpowersports.com/default.asp?page=xNewInventory,SR101052,2021,SSR Motorsports,SR110 DX,null,,null,null,null,null,SYMYH3139M1101052,null,null,null,"$1,059",[],null,,Motorcycle / Scooter,null,null,,"2021
SSR Motorsports 
SR110 DX",https://www.majorpowersports.com/New-Inventory-2021-SSR-Motorsports-Motorcycle-Scooter-SR110-DX-Major-Powersports-11665490?ref=list
1652348603-7742,https://www.majorpowersports.com/,"New
							Inventory
						
						
							.01",https://www.majorpowersports.com/default.asp?page=xNewInventory,SR000438,2022,SSR Motorsports,SR250,null,,null,null,null,null,L3BSEKA32N0000438,null,null,null,"$4,599",[],null,,Motorcycle / Scooter,null,null,,"2022
SSR Motorsports 
SR250",https://www.majorpowersports.com/New-Inventory-2022-SSR-Motorsports-Motorcycle-Scooter-SR250-Major-Powersports-11661237?ref=list
1652348707-7776,https://www.majorpowersports.com/,"New
							Inventory
						
						
							.01",https://www.majorpowersports.com/default.asp?page=xNewInventory,BED44554,2022,Benelli,TRK502X,null,,null,"Inline 2 cylinder, 4-stroke, 4 valves per cylinder, DOHC",null,null,LBBPHF059NBD44554,null,null,null,"$7,099","[{""photo urls"":"""",""photo urls-src"":""https://cdn.dealerspike.com/imglib/v1/200x150/imglib/trimsdb/17772431-0-111725251.jpg""}]",null,,Motorcycle / Scooter,null,null,,"2022
Benelli 
TRK502X",https://www.majorpowersports.com/New-Inventory-2022-Benelli-Motorcycle-Scooter-TRK502X-Major-Powersports-11661229?ref=list
1652348621-7748,https://www.majorpowersports.com/,"New
							Inventory
						
						
							.01",https://www.majorpowersports.com/default.asp?page=xNewInventory,SRUP3670,2022,SSR Motorsports,ABT350R,null,,null,null,null,null,SSREQ350A20UP3670,null,null,null,$599,[],null,,Motorcycle / Scooter,null,null,,"2022
SSR Motorsports 
ABT350R",https://www.majorpowersports.com/New-Inventory-2022-SSR-Motorsports-Motorcycle-Scooter-ABT350R-Major-Powersports-11661236?ref=list
1652348421-7686,https://www.majorpowersports.com/,"Pre-Owned
							Inventory
						
						
							.02",https://www.majorpowersports.com/default.asp?page=xPreOwnedInventory,YA000249,2014,Yamaha,V Star® 1300 Deluxe,null,,5-speed; multiplate wet clutch,"80-cubic-inch (1304cc) liquid-cooled V-twin; SOHC, 4 valves/cylinder",5-speed; multiplate wet clutch,null,JYAVP32YXEA000249,11274 mi,null,null,"$8,495","[{""photo urls"":"""",""photo urls-src"":""https://cdn.dealerspike.com/imglib/v1/200x150/imglib/Assets/Inventory/A9/12/A91280D6-FB48-46EA-BAF6-ADE66DDC91F2.jpg""},{""photo urls"":"""",""photo urls-src"":""https://cdn.dealerspike.com/imglib/v1/200x150/imglib/Assets/Inventory/70/4E/704E7701-5617-4D35-8E75-0C038A6D7755.jpg""},{""photo urls"":"""",""photo urls-src"":""https://cdn.dealerspike.com/imglib/v1/200x150/imglib/Assets/Inventory/9E/F8/9EF80386-0A2D-440E-A239-D5F65D0CE644.jpg""}]",null,,Motorcycle / Scooter,null,null,,"2014
Yamaha 
V Star® 1300 Deluxe",https://www.majorpowersports.com/Pre-owned-Inventory-2014-Yamaha-Motorcycle-Scooter-V-Star-1300-Deluxe-Major-Powersports-11687881?ref=list
1652348406-7681,https://www.majorpowersports.com/,"Pre-Owned
							Inventory
						
						
							.02",https://www.majorpowersports.com/default.asp?page=xPreOwnedInventory,HA068221,2004,Harley-Davidson®,FXSTB - Night Train™,null,,null,"2 cylinders, 4-stroke, 45° V-twin",null,null,1HD1JAB19Y068221,20526 mi,null,null,"$8,995","[{""photo urls"":"""",""photo urls-src"":""https://cdn.dealerspike.com/imglib/v1/200x150/imglib/Assets/Inventory/D4/52/D452B1B1-6129-428F-928E-F248FD4F13F6.jpg""},{""photo urls"":"""",""photo urls-src"":""https://cdn.dealerspike.com/imglib/v1/200x150/imglib/Assets/Inventory/4E/CC/4ECCABB6-1ED4-4F12-A28D-D06977242DD4.jpg""},{""photo urls"":"""",""photo urls-src"":""https://cdn.dealerspike.com/imglib/v1/200x150/imglib/Assets/Inventory/1A/18/1A188DC4-E376-471B-B855-10B182DC6273.jpg""},{""photo urls"":"""",""photo urls-src"":""https://cdn.dealerspike.com/imglib/v1/200x150/imglib/Assets/Inventory/09/47/09471198-C0FB-4CB2-91A1-FE43AAE11F1D.jpg""}]",null,,Motorcycle / Scooter,null,null,,"2004
Harley-Davidson® 
FXSTB - Night Train™",https://www.majorpowersports.com/Pre-owned-Inventory-2004-Harley-Davidson-Motorcycle-Scooter-FXSTB-Night-Train-Major-Powersports-12081376?ref=list
1652348556-7725,https://www.majorpowersports.com/,"New
							Inventory
						
						
							.01",https://www.majorpowersports.com/default.asp?page=xNewInventory,SR100050,2021,SSR Motorsports,SR70 AUTO,null,,null,null,null,null,SYMYD3136M1100050,1,null,null,$959,[],null,,Motorcycle / Scooter,null,null,,"2021
SSR Motorsports 
SR70 AUTO",https://www.majorpowersports.com/New-Inventory-2021-SSR-Motorsports-Motorcycle-Scooter-SR70-AUTO-Major-Powersports-11410754?ref=list